Household_ID;Group;AffectsTimePoint;Timestamp;kWh_received_Total;kWh_received_HeatPump;kWh_received_Other;kWh_returned_Total;kvarh_received_capacitive_Total;kvarh_received_capacitive_HeatPump;kvarh_received_capacitive_Other;kvarh_received_inductive_Total;kvarh_received_inductive_HeatPump;kvarh_received_inductive_Other
8087988;treatment;before visit;2020-10-23 23:59:59+00:00;30.45;;;;3.0;;;6.41;;
8087988;treatment;before visit;2020-10-24 23:59:59+00:00;36.83;;;;3.3;;;8.72;;
8087988;treatment;before visit;2020-10-25 23:59:59+00:00;41.93;;;;3.21;;;9.71;;
8087988;treatment;before visit;2020-10-26 23:59:59+00:00;34.26;;;;2.51;;;10.74;;
8087988;treatment;before visit;2020-10-27 23:59:59+00:00;33.29;;;;2.68;;;12.08;;
8087988;treatment;before visit;2020-10-28 23:59:59+00:00;31.71;;;;2.72;;;8.31;;
8087988;treatment;before visit;2020-10-29 23:59:59+00:00;38.36;;;;2.95;;;7.86;;
8087988;treatment;before visit;2020-10-30 23:59:59+00:00;31.52;;;;2.72;;;8.6;;
8087988;treatment;before visit;2020-10-31 23:59:59+00:00;36.98;;;;2.61;;;10.11;;
8087988;treatment;before visit;2020-11-01 23:59:59+00:00;30.54;;;;3.0;;;7.2;;
8087988;treatment;before visit;2020-11-02 23:59:59+00:00;30.57;;;;3.1;;;4.13;;
8087988;treatment;before visit;2020-11-03 23:59:59+00:00;32.32;;;;2.91;;;7.68;;
8087988;treatment;before visit;2020-11-04 23:59:59+00:00;32.7;;;;2.63;;;10.26;;
8087988;treatment;before visit;2020-11-05 23:59:59+00:00;34.39;;;;2.72;;;9.67;;
8087988;treatment;before visit;2020-11-06 23:59:59+00:00;39.28;;;;3.1;;;11.03;;
8087988;treatment;before visit;2020-11-07 23:59:59+00:00;38.64;;;;3.06;;;11.52;;
8087988;treatment;before visit;2020-11-08 23:59:59+00:00;37.88;;;;3.05;;;11.29;;
8087988;treatment;before visit;2020-11-09 23:59:59+00:00;36.65;;;;2.76;;;11.86;;
8087988;treatment;before visit;2020-11-10 23:59:59+00:00;39.91;;;;2.9;;;11.66;;
8087988;treatment;before visit;2020-11-11 23:59:59+00:00;37.31;;;;2.61;;;11.62;;
8087988;treatment;before visit;2020-11-12 23:59:59+00:00;35.62;;;;2.82;;;11.27;;
8087988;treatment;before visit;2020-11-13 23:59:59+00:00;35.31;;;;2.93;;;12.04;;
8087988;treatment;before visit;2020-11-14 23:59:59+00:00;40.6;;;;2.93;;;11.97;;
8087988;treatment;before visit;2020-11-15 23:59:59+00:00;41.52;;;;2.75;;;10.85;;
8087988;treatment;before visit;2020-11-16 23:59:59+00:00;31.45;;;;2.68;;;9.33;;
8087988;treatment;before visit;2020-11-17 23:59:59+00:00;35.15;;;;2.7;;;11.62;;
8087988;treatment;before visit;2020-11-18 23:59:59+00:00;41.35;;;;3.22;;;12.87;;
8087988;treatment;before visit;2020-11-19 23:59:59+00:00;35.58;;;;2.75;;;12.47;;
8087988;treatment;before visit;2020-11-20 23:59:59+00:00;43.16;;;;2.85;;;14.19;;
8087988;treatment;before visit;2020-11-21 23:59:59+00:00;47.62;;;;2.47;;;20.7;;
8087988;treatment;before visit;2020-11-22 23:59:59+00:00;52.33;;;;2.22;;;18.02;;
8087988;treatment;before visit;2020-11-23 23:59:59+00:00;44.0;;;;2.72;;;16.93;;
8087988;treatment;before visit;2020-11-24 23:59:59+00:00;37.7;;;;2.6;;;14.03;;
8087988;treatment;before visit;2020-11-25 23:59:59+00:00;44.14;;;;2.7;;;16.78;;
8087988;treatment;before visit;2020-11-26 23:59:59+00:00;48.56;;;;2.26;;;17.88;;
8087988;treatment;before visit;2020-11-27 23:59:59+00:00;42.93;;;;2.48;;;17.04;;
8087988;treatment;before visit;2020-11-28 23:59:59+00:00;48.93;;;;2.39;;;19.52;;
8087988;treatment;before visit;2020-11-29 23:59:59+00:00;43.33;;;;2.39;;;17.07;;
8087988;treatment;before visit;2020-11-30 23:59:59+00:00;53.64;;;;2.54;;;17.31;;
8087988;treatment;before visit;2020-12-01 23:59:59+00:00;42.18;;;;2.49;;;17.09;;
8087988;treatment;before visit;2020-12-02 23:59:59+00:00;48.63;;;;2.14;;;17.94;;
8087988;treatment;before visit;2020-12-03 23:59:59+00:00;51.26;;;;2.29;;;19.32;;
8087988;treatment;before visit;2020-12-04 23:59:59+00:00;49.18;;;;2.53;;;16.7;;
8087988;treatment;before visit;2020-12-05 23:59:59+00:00;46.63;;;;2.56;;;18.14;;
8087988;treatment;before visit;2020-12-06 23:59:59+00:00;44.21;;;;2.96;;;15.92;;
8087988;treatment;before visit;2020-12-07 23:59:59+00:00;43.23;;;;2.52;;;17.02;;
8087988;treatment;before visit;2020-12-08 23:59:59+00:00;53.06;;;;2.46;;;22.47;;
8087988;treatment;before visit;2020-12-09 23:59:59+00:00;43.7;;;;2.57;;;17.43;;
8087988;treatment;before visit;2020-12-10 23:59:59+00:00;50.34;;;;2.49;;;19.32;;
8087988;treatment;before visit;2020-12-11 23:59:59+00:00;48.98;;;;2.42;;;21.03;;
8087988;treatment;before visit;2020-12-12 23:59:59+00:00;45.17;;;;2.83;;;16.31;;
8087988;treatment;before visit;2020-12-13 23:59:59+00:00;47.49;;;;2.55;;;16.45;;
8087988;treatment;before visit;2020-12-14 23:59:59+00:00;60.18;;;;2.4;;;18.44;;
8087988;treatment;before visit;2020-12-15 23:59:59+00:00;40.33;;;;2.35;;;14.13;;
8087988;treatment;before visit;2020-12-16 23:59:59+00:00;48.4;;;;2.36;;;18.62;;
8087988;treatment;before visit;2020-12-17 23:59:59+00:00;51.6;;;;2.26;;;18.25;;
8087988;treatment;before visit;2020-12-18 23:59:59+00:00;45.21;;;;2.56;;;18.57;;
8087988;treatment;before visit;2020-12-19 23:59:59+00:00;45.73;;;;2.52;;;18.85;;
8087988;treatment;before visit;2020-12-20 23:59:59+00:00;46.36;;;;2.59;;;16.67;;
8087988;treatment;before visit;2020-12-21 23:59:59+00:00;47.78;;;;2.61;;;14.56;;
8087988;treatment;before visit;2020-12-22 23:59:59+00:00;37.23;;;;2.81;;;12.83;;
8087988;treatment;before visit;2020-12-23 23:59:59+00:00;48.37;;;;2.98;;;15.37;;
8087988;treatment;before visit;2020-12-24 23:59:59+00:00;35.76;;;;2.79;;;13.29;;
8087988;treatment;before visit;2020-12-25 23:59:59+00:00;50.85;;;;2.52;;;18.15;;
8087988;treatment;before visit;2020-12-26 23:59:59+00:00;54.13;;;;2.22;;;24.14;;
8087988;treatment;before visit;2020-12-27 23:59:59+00:00;53.01;;;;2.26;;;21.87;;
8087988;treatment;before visit;2020-12-28 23:59:59+00:00;60.62;;;;2.21;;;20.45;;
8087988;treatment;before visit;2020-12-29 23:59:59+00:00;59.17;;;;2.32;;;21.42;;
8087988;treatment;before visit;2020-12-30 23:59:59+00:00;52.2;;;;1.77;;;20.47;;
8087988;treatment;before visit;2020-12-31 23:59:59+00:00;46.54;;;;1.85;;;21.11;;
8087988;treatment;before visit;2021-01-01 23:59:59+00:00;47.58;;;;2.54;;;17.94;;
8087988;treatment;before visit;2021-01-02 23:59:59+00:00;45.85;;;;2.16;;;18.43;;
8087988;treatment;before visit;2021-01-03 23:59:59+00:00;62.72;;;;2.15;;;23.31;;
8087988;treatment;before visit;2021-01-04 23:59:59+00:00;59.32;;;;2.47;;;22.97;;
8087988;treatment;before visit;2021-01-05 23:59:59+00:00;47.17;;;;2.34;;;21.72;;
8087988;treatment;before visit;2021-01-06 23:59:59+00:00;50.91;;;;2.22;;;21.27;;
8087988;treatment;before visit;2021-01-07 23:59:59+00:00;49.64;;;;2.08;;;21.47;;
8087988;treatment;before visit;2021-01-08 23:59:59+00:00;65.73;;;;2.15;;;23.28;;
8087988;treatment;before visit;2021-01-11 23:59:59+00:00;62.74;;;;1.69;;;28.36;;
8087988;treatment;before visit;2021-01-12 23:59:59+00:00;59.49;;;;1.83;;;29.53;;
8087988;treatment;before visit;2021-01-13 23:59:59+00:00;57.7;;;;2.71;;;15.88;;
8087988;treatment;before visit;2021-01-14 23:59:59+00:00;44.83;;;;2.15;;;19.4;;
8087988;treatment;before visit;2021-01-15 23:59:59+00:00;56.6;;;;2.28;;;20.17;;
8087988;treatment;before visit;2021-01-16 23:59:59+00:00;64.53;;;;2.28;;;22.65;;
8087988;treatment;before visit;2021-01-17 23:59:59+00:00;56.35;;;;2.39;;;18.76;;
8087988;treatment;before visit;2021-01-18 23:59:59+00:00;45.69;;;;2.11;;;18.76;;
8087988;treatment;before visit;2021-01-19 23:59:59+00:00;52.39;;;;1.98;;;23.36;;
8087988;treatment;before visit;2021-01-20 23:59:59+00:00;56.49;;;;2.48;;;21.38;;
8087988;treatment;before visit;2021-01-21 23:59:59+00:00;49.65;;;;2.64;;;15.02;;
8087988;treatment;before visit;2021-01-22 23:59:59+00:00;40.24;;;;2.59;;;15.13;;
8087988;treatment;before visit;2021-01-23 23:59:59+00:00;45.84;;;;2.69;;;17.66;;
8087988;treatment;before visit;2021-01-24 23:59:59+00:00;51.78;;;;2.26;;;20.25;;
8087988;treatment;before visit;2021-01-25 23:59:59+00:00;47.5;;;;2.38;;;18.29;;
8087988;treatment;before visit;2021-01-26 23:59:59+00:00;51.69;;;;2.22;;;20.39;;
8087988;treatment;before visit;2021-01-27 23:59:59+00:00;47.39;;;;2.13;;;20.76;;
8087988;treatment;before visit;2021-01-28 23:59:59+00:00;43.82;;;;2.69;;;12.79;;
8087988;treatment;before visit;2021-01-29 23:59:59+00:00;50.58;;;;2.55;;;14.68;;
8087988;treatment;before visit;2021-01-30 23:59:59+00:00;42.54;;;;2.74;;;14.73;;
8087988;treatment;before visit;2021-01-31 23:59:59+00:00;47.65;;;;2.57;;;14.64;;
8087988;treatment;before visit;2021-02-01 23:59:59+00:00;39.76;;;;2.61;;;14.69;;
8087988;treatment;before visit;2021-02-02 23:59:59+00:00;45.47;;;;2.61;;;13.15;;
8087988;treatment;before visit;2021-02-03 23:59:59+00:00;38.94;;;;2.87;;;13.35;;
8087988;treatment;before visit;2021-02-04 23:59:59+00:00;50.5;;;;2.35;;;15.62;;
8087988;treatment;before visit;2021-02-05 23:59:59+00:00;49.41;;;;2.53;;;14.91;;
8087988;treatment;before visit;2021-02-06 23:59:59+00:00;43.96;;;;2.59;;;15.51;;
8087988;treatment;before visit;2021-02-07 23:59:59+00:00;43.37;;;;2.59;;;16.69;;
8087988;treatment;before visit;2021-02-08 23:59:59+00:00;50.53;;;;2.26;;;17.08;;
8087988;treatment;before visit;2021-02-09 23:59:59+00:00;54.86;;;;2.18;;;19.17;;
8087988;treatment;before visit;2021-02-10 23:59:59+00:00;48.24;;;;2.35;;;19.41;;
8087988;treatment;before visit;2021-02-11 23:59:59+00:00;64.33;;;;2.02;;;26.87;;
8087988;treatment;before visit;2021-02-12 23:59:59+00:00;64.27;;;;1.73;;;28.78;;
8087988;treatment;before visit;2021-02-13 23:59:59+00:00;85.22;;;;1.52;;;33.61;;
8087988;treatment;before visit;2021-02-14 23:59:59+00:00;89.74;;;;1.54;;;34.85;;
8087988;treatment;before visit;2021-02-15 23:59:59+00:00;51.97;;;;2.34;;;22.68;;
8087988;treatment;before visit;2021-02-16 23:59:59+00:00;45.53;;;;2.32;;;15.92;;
8087988;treatment;before visit;2021-02-17 23:59:59+00:00;41.07;;;;2.59;;;15.62;;
8087988;treatment;before visit;2021-02-18 23:59:59+00:00;43.35;;;;2.59;;;16.86;;
8087988;treatment;before visit;2021-02-19 23:59:59+00:00;42.72;;;;2.64;;;15.32;;
8087988;treatment;before visit;2021-02-20 23:59:59+00:00;44.57;;;;2.6;;;16.8;;
8087988;treatment;before visit;2021-02-21 23:59:59+00:00;52.6;;;;2.6;;;16.63;;
8087988;treatment;before visit;2021-02-22 23:59:59+00:00;40.83;;;;2.45;;;14.68;;
8087988;treatment;before visit;2021-02-23 23:59:59+00:00;44.74;;;;2.57;;;13.92;;
8087988;treatment;before visit;2021-02-24 23:59:59+00:00;38.3;;;;2.5;;;13.84;;
8087988;treatment;before visit;2021-02-25 23:59:59+00:00;43.09;;;;2.41;;;14.62;;
8087988;treatment;before visit;2021-02-26 23:59:59+00:00;43.26;;;;2.57;;;13.46;;
8087988;treatment;before visit;2021-02-27 23:59:59+00:00;42.69;;;;2.72;;;14.43;;
8087988;treatment;before visit;2021-02-28 23:59:59+00:00;42.88;;;;2.52;;;16.26;;
8087988;treatment;before visit;2021-03-01 23:59:59+00:00;44.99;;;;2.31;;;16.74;;
8087988;treatment;before visit;2021-03-02 23:59:59+00:00;40.47;;;;2.34;;;15.58;;
8087988;treatment;before visit;2021-03-03 23:59:59+00:00;41.85;;;;2.23;;;15.35;;
8087988;treatment;before visit;2021-03-04 23:59:59+00:00;39.53;;;;2.37;;;12.07;;
8087988;treatment;before visit;2021-03-05 23:59:59+00:00;43.92;;;;2.17;;;16.22;;
8087988;treatment;before visit;2021-03-06 23:59:59+00:00;69.74;;;;2.13;;;22.72;;
8087988;treatment;before visit;2021-03-07 23:59:59+00:00;46.52;;;;2.51;;;16.62;;
8087988;treatment;before visit;2021-03-08 23:59:59+00:00;45.36;;;;2.58;;;14.66;;
8087988;treatment;before visit;2021-03-09 23:59:59+00:00;36.98;;;;2.82;;;13.43;;
8087988;treatment;before visit;2021-03-10 23:59:59+00:00;46.53;;;;2.65;;;15.54;;
8087988;treatment;before visit;2021-03-11 23:59:59+00:00;35.93;;;;3.18;;;8.14;;
8087988;treatment;before visit;2021-03-12 23:59:59+00:00;38.61;;;;2.58;;;11.62;;
8087988;treatment;before visit;2021-03-13 23:59:59+00:00;58.58;;;;2.4;;;18.26;;
8087988;treatment;before visit;2021-03-14 23:59:59+00:00;53.13;;;;2.17;;;21.09;;
8087988;treatment;before visit;2021-03-15 23:59:59+00:00;47.64;;;;2.3;;;19.78;;
8087988;treatment;before visit;2021-03-16 23:59:59+00:00;51.55;;;;2.52;;;18.38;;
8087988;treatment;before visit;2021-03-17 23:59:59+00:00;44.98;;;;2.33;;;20.21;;
8087988;treatment;before visit;2021-03-18 23:59:59+00:00;56.17;;;;2.04;;;21.37;;
8087988;treatment;before visit;2021-03-19 23:59:59+00:00;48.15;;;;1.87;;;22.63;;
8087988;treatment;before visit;2021-03-20 23:59:59+00:00;57.19;;;;2.02;;;23.29;;
8087988;treatment;before visit;2021-03-21 23:59:59+00:00;47.08;;;;2.14;;;19.82;;
8087988;treatment;before visit;2021-03-22 23:59:59+00:00;44.41;;;;2.18;;;18.97;;
8087988;treatment;before visit;2021-03-23 23:59:59+00:00;51.39;;;;2.19;;;20.56;;
8087988;treatment;before visit;2021-03-24 23:59:59+00:00;46.99;;;;2.21;;;19.17;;
8087988;treatment;before visit;2021-03-25 23:59:59+00:00;47.32;;;;2.21;;;15.79;;
8087988;treatment;before visit;2021-03-26 23:59:59+00:00;48.49;;;;1.95;;;13.67;;
8087988;treatment;before visit;2021-03-27 23:59:59+00:00;38.55;;;;2.63;;;14.03;;
8087988;treatment;before visit;2021-03-28 23:59:59+00:00;42.95;;;;2.63;;;13.95;;
8087988;treatment;before visit;2021-03-29 23:59:59+00:00;37.24;;;;2.69;;;12.83;;
8087988;treatment;before visit;2021-03-30 23:59:59+00:00;37.73;;;;2.37;;;11.33;;
8087988;treatment;before visit;2021-03-31 23:59:59+00:00;34.91;;;;2.75;;;10.3;;
8087988;treatment;before visit;2021-04-01 23:59:59+00:00;34.84;;;;3.04;;;9.03;;
8087988;treatment;before visit;2021-04-02 23:59:59+00:00;29.93;;;;2.86;;;7.93;;
8087988;treatment;before visit;2021-04-03 23:59:59+00:00;33.68;;;;2.44;;;14.29;;
8087988;treatment;before visit;2021-04-04 23:59:59+00:00;50.44;;;;2.69;;;16.51;;
8087988;treatment;before visit;2021-04-05 23:59:59+00:00;41.75;;;;2.41;;;13.51;;
8087988;treatment;before visit;2021-04-06 23:59:59+00:00;45.71;;;;2.02;;;21.29;;
8087988;treatment;before visit;2021-04-07 23:59:59+00:00;51.64;;;;2.21;;;20.11;;
8087988;treatment;before visit;2021-04-08 23:59:59+00:00;44.68;;;;2.55;;;17.28;;
8087988;treatment;before visit;2021-04-09 23:59:59+00:00;37.89;;;;2.68;;;14.33;;
8087988;treatment;before visit;2021-04-10 23:59:59+00:00;35.04;;;;3.03;;;11.8;;
8087988;treatment;before visit;2021-04-11 23:59:59+00:00;34.23;;;;3.07;;;7.97;;
8087988;treatment;before visit;2021-04-12 23:59:59+00:00;42.37;;;;2.42;;;17.67;;
8087988;treatment;before visit;2021-04-13 23:59:59+00:00;47.67;;;;2.25;;;17.74;;
8087988;treatment;before visit;2021-04-14 23:59:59+00:00;40.88;;;;2.32;;;17.43;;
8087988;treatment;before visit;2021-04-15 23:59:59+00:00;48.48;;;;2.4;;;16.66;;
8087988;treatment;before visit;2021-04-16 23:59:59+00:00;41.89;;;;2.36;;;16.63;;
8087988;treatment;before visit;2021-04-17 23:59:59+00:00;47.95;;;;2.3;;;16.42;;
8087988;treatment;before visit;2021-04-18 23:59:59+00:00;47.33;;;;2.29;;;15.03;;
8087988;treatment;before visit;2021-04-19 23:59:59+00:00;34.48;;;;2.52;;;11.67;;
8087988;treatment;before visit;2021-04-20 23:59:59+00:00;46.92;;;;2.6;;;14.52;;
8087988;treatment;before visit;2021-04-21 23:59:59+00:00;33.7;;;;2.81;;;10.04;;
8087988;treatment;before visit;2021-04-22 23:59:59+00:00;32.23;;;;2.65;;;10.19;;
8087988;treatment;before visit;2021-04-23 23:59:59+00:00;43.58;;;;2.45;;;9.95;;
8087988;treatment;before visit;2021-04-24 23:59:59+00:00;34.88;;;;2.78;;;9.7;;
8087988;treatment;before visit;2021-04-25 23:59:59+00:00;35.96;;;;3.01;;;7.68;;
8087988;treatment;before visit;2021-04-26 23:59:59+00:00;30.25;;;;2.77;;;8.39;;
8087988;treatment;before visit;2021-04-27 23:59:59+00:00;30.33;;;;2.21;;;7.58;;
8087988;treatment;before visit;2021-04-28 23:59:59+00:00;27.79;;;;2.74;;;6.05;;
8087988;treatment;before visit;2021-04-29 23:59:59+00:00;32.18;;;;2.59;;;7.66;;
8087988;treatment;before visit;2021-04-30 23:59:59+00:00;27.11;;;;3.06;;;8.18;;
8087988;treatment;before visit;2021-05-01 23:59:59+00:00;42.23;;;;2.69;;;11.6;;
8087988;treatment;before visit;2021-05-02 23:59:59+00:00;36.67;;;;2.89;;;12.21;;
8087988;treatment;before visit;2021-05-03 23:59:59+00:00;42.67;;;;2.63;;;10.05;;
8087988;treatment;before visit;2021-05-04 23:59:59+00:00;32.66;;;;2.47;;;7.53;;
8087988;treatment;before visit;2021-05-05 23:59:59+00:00;31.8;;;;2.91;;;10.07;;
8087988;treatment;before visit;2021-05-06 23:59:59+00:00;35.82;;;;2.89;;;9.63;;
8087988;treatment;before visit;2021-05-07 23:59:59+00:00;31.86;;;;2.54;;;10.57;;
8087988;treatment;before visit;2021-05-08 23:59:59+00:00;29.32;;;;2.6;;;8.66;;
8087988;treatment;before visit;2021-05-09 23:59:59+00:00;22.24;;;;2.79;;;5.87;;
8087988;treatment;before visit;2021-05-10 23:59:59+00:00;13.73;;;;3.03;;;0.05;;
8087988;treatment;before visit;2021-05-11 23:59:59+00:00;36.38;;;;2.34;;;10.08;;
8087988;treatment;before visit;2021-05-12 23:59:59+00:00;31.94;;;;2.49;;;9.73;;
8087988;treatment;before visit;2021-05-13 23:59:59+00:00;39.37;;;;2.77;;;10.64;;
8087988;treatment;before visit;2021-05-14 23:59:59+00:00;36.73;;;;2.65;;;9.39;;
8087988;treatment;before visit;2021-05-15 23:59:59+00:00;33.55;;;;2.79;;;9.95;;
8087988;treatment;before visit;2021-05-16 23:59:59+00:00;32.56;;;;2.7;;;8.89;;
8087988;treatment;before visit;2021-05-17 23:59:59+00:00;28.09;;;;2.81;;;8.09;;
8087988;treatment;before visit;2021-05-18 23:59:59+00:00;37.32;;;;2.47;;;9.42;;
8087988;treatment;before visit;2021-05-19 23:59:59+00:00;33.81;;;;2.62;;;10.08;;
8087988;treatment;before visit;2021-05-20 23:59:59+00:00;34.28;;;;2.56;;;8.88;;
8087988;treatment;before visit;2021-05-21 23:59:59+00:00;30.16;;;;2.78;;;8.5;;
8087988;treatment;before visit;2021-05-22 23:59:59+00:00;32.65;;;;2.9;;;8.41;;
8087988;treatment;before visit;2021-05-23 23:59:59+00:00;30.64;;;;2.85;;;8.4;;
8087988;treatment;before visit;2021-05-24 23:59:59+00:00;39.33;;;;3.05;;;7.87;;
8087988;treatment;before visit;2021-05-25 23:59:59+00:00;37.81;;;;2.72;;;9.23;;
8087988;treatment;before visit;2021-05-26 23:59:59+00:00;27.55;;;;2.68;;;7.0;;
8087988;treatment;before visit;2021-05-27 23:59:59+00:00;27.85;;;;2.95;;;7.93;;
8087988;treatment;before visit;2021-05-28 23:59:59+00:00;29.29;;;;2.88;;;6.73;;
8087988;treatment;before visit;2021-05-29 23:59:59+00:00;36.28;;;;2.95;;;7.45;;
8087988;treatment;before visit;2021-05-30 23:59:59+00:00;35.32;;;;2.87;;;6.59;;
8087988;treatment;before visit;2021-05-31 23:59:59+00:00;25.83;;;;2.49;;;6.87;;
8087988;treatment;before visit;2021-06-01 23:59:59+00:00;27.04;;;;2.64;;;5.04;;
8087988;treatment;before visit;2021-06-02 23:59:59+00:00;24.54;;;;2.46;;;3.66;;
8087988;treatment;before visit;2021-06-03 23:59:59+00:00;21.46;;;;2.84;;;2.75;;
8087988;treatment;before visit;2021-06-04 23:59:59+00:00;13.62;;;;2.99;;;0.13;;
8087988;treatment;before visit;2021-06-05 23:59:59+00:00;14.93;;;;3.18;;;1.19;;
8087988;treatment;before visit;2021-06-06 23:59:59+00:00;30.54;;;;2.94;;;5.35;;
8087988;treatment;before visit;2021-06-07 23:59:59+00:00;22.18;;;;2.73;;;4.4;;
8087988;treatment;before visit;2021-06-08 23:59:59+00:00;36.26;;;;2.93;;;3.72;;
8087988;treatment;before visit;2021-06-09 23:59:59+00:00;19.69;;;;2.88;;;3.24;;
8087988;treatment;before visit;2021-06-10 23:59:59+00:00;26.06;;;;2.8;;;3.74;;
8087988;treatment;before visit;2021-06-11 23:59:59+00:00;23.94;;;;2.6;;;4.53;;
8087988;treatment;before visit;2021-06-12 23:59:59+00:00;25.65;;;;2.83;;;2.78;;
8087988;treatment;before visit;2021-06-13 23:59:59+00:00;20.47;;;;3.01;;;0.2;;
8087988;treatment;before visit;2021-06-14 23:59:59+00:00;20.66;;;;3.01;;;3.32;;
8087988;treatment;before visit;2021-06-15 23:59:59+00:00;19.26;;;;2.87;;;0.21;;
8087988;treatment;before visit;2021-06-16 23:59:59+00:00;22.74;;;;3.25;;;2.19;;
8087988;treatment;before visit;2021-06-17 23:59:59+00:00;18.22;;;;2.94;;;1.84;;
8087988;treatment;before visit;2021-06-18 23:59:59+00:00;17.73;;;;3.12;;;0.76;;
8087988;treatment;before visit;2021-06-19 23:59:59+00:00;18.53;;;;2.86;;;0.91;;
8087988;treatment;before visit;2021-06-20 23:59:59+00:00;15.95;;;;3.01;;;;;
8087988;treatment;before visit;2021-06-21 23:59:59+00:00;16.68;;;;3.2;;;0.14;;
8087988;treatment;before visit;2021-06-22 23:59:59+00:00;16.38;;;;3.24;;;;;
8087988;treatment;before visit;2021-06-23 23:59:59+00:00;32.79;;;;2.67;;;3.85;;
8087988;treatment;before visit;2021-06-24 23:59:59+00:00;19.39;;;;2.43;;;4.89;;
8087988;treatment;before visit;2021-06-25 23:59:59+00:00;22.86;;;;2.61;;;3.23;;
8087988;treatment;before visit;2021-06-26 23:59:59+00:00;21.85;;;;2.65;;;3.92;;
8087988;treatment;before visit;2021-06-27 23:59:59+00:00;19.63;;;;2.79;;;2.91;;
8087988;treatment;before visit;2021-06-28 23:59:59+00:00;14.39;;;;2.95;;;0.32;;
8087988;treatment;before visit;2021-06-29 23:59:59+00:00;19.36;;;;2.98;;;0.97;;
8087988;treatment;before visit;2021-06-30 23:59:59+00:00;24.33;;;;2.77;;;5.27;;
8087988;treatment;before visit;2021-07-01 23:59:59+00:00;27.32;;;;2.77;;;3.43;;
8087988;treatment;before visit;2021-07-02 23:59:59+00:00;20.32;;;;2.53;;;2.82;;
8087988;treatment;before visit;2021-07-03 23:59:59+00:00;24.04;;;;3.01;;;4.4;;
8087988;treatment;before visit;2021-07-04 23:59:59+00:00;24.24;;;;2.9;;;3.11;;
8087988;treatment;before visit;2021-07-05 23:59:59+00:00;19.93;;;;2.73;;;2.58;;
8087988;treatment;before visit;2021-07-06 23:59:59+00:00;22.32;;;;3.02;;;3.59;;
8087988;treatment;before visit;2021-07-07 23:59:59+00:00;23.52;;;;2.94;;;3.35;;
8087988;treatment;before visit;2021-07-08 23:59:59+00:00;25.09;;;;2.8;;;5.13;;
8087988;treatment;before visit;2021-07-09 23:59:59+00:00;25.47;;;;3.0;;;3.62;;
8087988;treatment;before visit;2021-07-10 23:59:59+00:00;24.96;;;;3.03;;;3.51;;
8087988;treatment;before visit;2021-07-11 23:59:59+00:00;23.42;;;;3.21;;;4.06;;
8087988;treatment;before visit;2021-07-12 23:59:59+00:00;19.41;;;;2.86;;;2.79;;
8087988;treatment;before visit;2021-07-13 23:59:59+00:00;17.14;;;;3.55;;;0.01;;
8087988;treatment;before visit;2021-07-14 23:59:59+00:00;27.63;;;;2.47;;;5.42;;
8087988;treatment;before visit;2021-07-15 23:59:59+00:00;23.34;;;;3.56;;;4.55;;
8087988;treatment;before visit;2021-07-16 23:59:59+00:00;24.2;;;;3.62;;;3.02;;
8087988;treatment;before visit;2021-07-17 23:59:59+00:00;22.64;;;;3.6;;;2.4;;
8087988;treatment;before visit;2021-07-18 23:59:59+00:00;22.92;;;;3.22;;;1.65;;
8087988;treatment;before visit;2021-07-19 23:59:59+00:00;24.52;;;;2.64;;;3.52;;
8087988;treatment;before visit;2021-07-20 23:59:59+00:00;17.18;;;;2.55;;;2.55;;
8087988;treatment;before visit;2021-07-21 23:59:59+00:00;14.75;;;;2.81;;;2.77;;
8087988;treatment;before visit;2021-07-22 23:59:59+00:00;14.59;;;;2.78;;;2.23;;
8087988;treatment;before visit;2021-07-23 23:59:59+00:00;13.53;;;;1.69;;;2.14;;
8087988;treatment;before visit;2021-07-24 23:59:59+00:00;13.04;;;;3.19;;;0.26;;
8087988;treatment;before visit;2021-07-25 23:59:59+00:00;14.13;;;;2.95;;;0.95;;
8087988;treatment;before visit;2021-07-26 23:59:59+00:00;16.9;;;;2.71;;;4.26;;
8087988;treatment;before visit;2021-07-27 23:59:59+00:00;16.69;;;;2.69;;;3.25;;
8087988;treatment;before visit;2021-07-28 23:59:59+00:00;17.86;;;;2.82;;;2.58;;
8087988;treatment;before visit;2021-07-29 23:59:59+00:00;21.71;;;;3.15;;;2.04;;
8087988;treatment;before visit;2021-07-30 23:59:59+00:00;18.85;;;;2.67;;;1.84;;
8087988;treatment;before visit;2021-07-31 23:59:59+00:00;26.38;;;;2.82;;;2.58;;
8087988;treatment;before visit;2021-08-01 23:59:59+00:00;23.43;;;;2.75;;;5.13;;
8087988;treatment;before visit;2021-08-02 23:59:59+00:00;22.08;;;;2.72;;;3.54;;
8087988;treatment;before visit;2021-08-03 23:59:59+00:00;25.92;;;;2.98;;;4.63;;
8087988;treatment;before visit;2021-08-04 23:59:59+00:00;21.14;;;;3.08;;;4.27;;
8087988;treatment;before visit;2021-08-05 23:59:59+00:00;20.27;;;;2.93;;;3.49;;
8087988;treatment;before visit;2021-08-06 23:59:59+00:00;19.12;;;;2.91;;;2.86;;
8087988;treatment;before visit;2021-08-07 23:59:59+00:00;20.63;;;;2.79;;;4.15;;
8087988;treatment;before visit;2021-08-08 23:59:59+00:00;24.75;;;;3.23;;;4.07;;
8087988;treatment;before visit;2021-08-09 23:59:59+00:00;23.93;;;;2.37;;;4.05;;
8087988;treatment;before visit;2021-08-10 23:59:59+00:00;23.2;;;;3.0;;;3.6;;
8087988;treatment;before visit;2021-08-11 23:59:59+00:00;19.52;;;;2.88;;;2.62;;
8087988;treatment;before visit;2021-08-12 23:59:59+00:00;17.48;;;;2.85;;;2.55;;
8087988;treatment;before visit;2021-08-13 23:59:59+00:00;13.74;;;;2.94;;;1.03;;
8087988;treatment;before visit;2021-08-14 23:59:59+00:00;13.4;;;;2.74;;;0.01;;
8087988;treatment;before visit;2021-08-15 23:59:59+00:00;15.8;;;;3.33;;;;;
8087988;treatment;before visit;2021-08-16 23:59:59+00:00;21.32;;;;2.58;;;0.23;;
8087988;treatment;before visit;2021-08-17 23:59:59+00:00;21.05;;;;2.61;;;4.94;;
8087988;treatment;before visit;2021-08-18 23:59:59+00:00;22.97;;;;2.83;;;2.8;;
8087988;treatment;before visit;2021-08-19 23:59:59+00:00;23.29;;;;3.21;;;2.52;;
8087988;treatment;before visit;2021-08-20 23:59:59+00:00;21.66;;;;3.05;;;2.62;;
8087988;treatment;before visit;2021-08-21 23:59:59+00:00;26.25;;;;2.96;;;3.9;;
8087988;treatment;before visit;2021-08-22 23:59:59+00:00;19.73;;;;3.08;;;2.78;;
8087988;treatment;before visit;2021-08-23 23:59:59+00:00;21.83;;;;2.82;;;2.68;;
8087988;treatment;before visit;2021-08-24 23:59:59+00:00;21.41;;;;2.79;;;4.3;;
8087988;treatment;before visit;2021-08-25 23:59:59+00:00;22.45;;;;2.83;;;4.14;;
8087988;treatment;before visit;2021-08-26 23:59:59+00:00;19.49;;;;2.34;;;5.41;;
8087988;treatment;before visit;2021-08-27 23:59:59+00:00;20.51;;;;2.11;;;4.98;;
8087988;treatment;before visit;2021-08-28 23:59:59+00:00;29.44;;;;2.78;;;6.87;;
8087988;treatment;before visit;2021-08-29 23:59:59+00:00;27.33;;;;3.3;;;5.26;;
8087988;treatment;before visit;2021-08-30 23:59:59+00:00;22.86;;;;2.29;;;4.96;;
8087988;treatment;before visit;2021-08-31 23:59:59+00:00;24.92;;;;2.34;;;4.52;;
8087988;treatment;before visit;2021-09-01 23:59:59+00:00;26.86;;;;2.32;;;6.39;;
8087988;treatment;before visit;2021-09-02 23:59:59+00:00;29.4;;;;2.59;;;6.27;;
8087988;treatment;before visit;2021-09-03 23:59:59+00:00;24.53;;;;2.72;;;4.63;;
8087988;treatment;before visit;2021-09-04 23:59:59+00:00;35.61;;;;2.32;;;5.82;;
8087988;treatment;before visit;2021-09-05 23:59:59+00:00;29.26;;;;2.63;;;5.1;;
8087988;treatment;before visit;2021-09-06 23:59:59+00:00;21.32;;;;2.31;;;4.0;;
8087988;treatment;before visit;2021-09-07 23:59:59+00:00;23.74;;;;2.39;;;4.56;;
8087988;treatment;before visit;2021-09-08 23:59:59+00:00;22.75;;;;2.49;;;4.7;;
8087988;treatment;before visit;2021-09-09 23:59:59+00:00;21.77;;;;2.57;;;2.53;;
8087988;treatment;before visit;2021-09-10 23:59:59+00:00;23.93;;;;3.0;;;3.17;;
8087988;treatment;before visit;2021-09-11 23:59:59+00:00;24.25;;;;3.01;;;3.15;;
8087988;treatment;before visit;2021-09-12 23:59:59+00:00;26.08;;;;2.61;;;3.51;;
8087988;treatment;before visit;2021-09-13 23:59:59+00:00;22.92;;;;2.67;;;3.68;;
8087988;treatment;before visit;2021-09-14 23:59:59+00:00;25.41;;;;2.35;;;3.16;;
8087988;treatment;before visit;2021-09-15 23:59:59+00:00;18.63;;;;2.22;;;1.68;;
8087988;treatment;before visit;2021-09-16 23:59:59+00:00;20.17;;;;2.58;;;2.33;;
8087988;treatment;before visit;2021-09-17 23:59:59+00:00;22.95;;;;2.4;;;4.47;;
8087988;treatment;before visit;2021-09-18 23:59:59+00:00;31.18;;;;2.9;;;5.78;;
8087988;treatment;before visit;2021-09-19 23:59:59+00:00;33.56;;;;2.91;;;7.3;;
8087988;treatment;before visit;2021-09-20 23:59:59+00:00;26.55;;;;2.57;;;5.2;;
8087988;treatment;before visit;2021-09-21 23:59:59+00:00;27.09;;;;2.6;;;5.36;;
8087988;treatment;before visit;2021-09-22 23:59:59+00:00;29.23;;;;2.44;;;7.88;;
8087988;treatment;before visit;2021-09-23 23:59:59+00:00;26.75;;;;2.81;;;5.81;;
8087988;treatment;before visit;2021-09-24 23:59:59+00:00;30.79;;;;3.15;;;6.4;;
8087988;treatment;before visit;2021-09-25 23:59:59+00:00;25.86;;;;3.1;;;4.61;;
8087988;treatment;before visit;2021-09-26 23:59:59+00:00;29.71;;;;3.09;;;4.21;;
8087988;treatment;before visit;2021-09-27 23:59:59+00:00;24.21;;;;3.11;;;4.04;;
8087988;treatment;before visit;2021-09-28 23:59:59+00:00;26.21;;;;2.69;;;4.91;;
8087988;treatment;before visit;2021-09-29 23:59:59+00:00;24.53;;;;2.87;;;5.16;;
8087988;treatment;before visit;2021-09-30 23:59:59+00:00;33.53;;;;2.51;;;7.94;;
8087988;treatment;before visit;2021-10-01 23:59:59+00:00;30.17;;;;2.57;;;7.16;;
8087988;treatment;before visit;2021-10-02 23:59:59+00:00;29.01;;;;2.22;;;4.66;;
8087988;treatment;before visit;2021-10-03 23:59:59+00:00;30.53;;;;3.2;;;4.46;;
8087988;treatment;before visit;2021-10-04 23:59:59+00:00;28.94;;;;2.16;;;7.12;;
8087988;treatment;before visit;2021-10-05 23:59:59+00:00;25.36;;;;2.73;;;5.69;;
8087988;treatment;before visit;2021-10-06 23:59:59+00:00;31.33;;;;2.74;;;9.57;;
8087988;treatment;before visit;2021-10-07 23:59:59+00:00;39.5;;;;2.81;;;8.57;;
8087988;treatment;before visit;2021-10-08 23:59:59+00:00;35.88;;;;2.85;;;8.02;;
8087988;treatment;before visit;2021-10-09 23:59:59+00:00;31.43;;;;2.8;;;10.26;;
8087988;treatment;before visit;2021-10-10 23:59:59+00:00;33.98;;;;2.65;;;11.43;;
8087988;treatment;before visit;2021-10-11 23:59:59+00:00;45.2;;;;2.63;;;13.44;;
8087988;treatment;before visit;2021-10-12 23:59:59+00:00;31.68;;;;2.99;;;10.33;;
8087988;treatment;before visit;2021-10-13 23:59:59+00:00;43.5;;;;2.43;;;11.8;;
8087988;treatment;before visit;2021-10-14 23:59:59+00:00;38.87;;;;2.31;;;14.85;;
8087988;treatment;before visit;2021-10-15 23:59:59+00:00;36.75;;;;2.53;;;11.49;;
8087988;treatment;before visit;2021-10-16 23:59:59+00:00;39.5;;;;2.62;;;11.45;;
8087988;treatment;before visit;2021-10-17 23:59:59+00:00;38.73;;;;2.99;;;12.17;;
8087988;treatment;before visit;2021-10-18 23:59:59+00:00;38.16;;;;2.78;;;9.67;;
8087988;treatment;before visit;2021-10-19 23:59:59+00:00;30.23;;;;3.25;;;7.56;;
8087988;treatment;before visit;2021-10-20 23:59:59+00:00;36.25;;;;2.77;;;7.85;;
8087988;treatment;before visit;2021-10-21 23:59:59+00:00;32.58;;;;2.49;;;8.79;;
8087988;treatment;before visit;2021-10-22 23:59:59+00:00;33.35;;;;2.89;;;10.64;;
8087988;treatment;before visit;2021-10-23 23:59:59+00:00;45.35;;;;2.59;;;13.78;;
8087988;treatment;before visit;2021-10-24 23:59:59+00:00;38.39;;;;2.36;;;14.22;;
8087988;treatment;before visit;2021-10-25 23:59:59+00:00;38.74;;;;2.25;;;10.59;;
8087988;treatment;before visit;2021-10-26 23:59:59+00:00;31.42;;;;2.67;;;9.05;;
8087988;treatment;before visit;2021-10-27 23:59:59+00:00;42.22;;;;2.51;;;13.04;;
8087988;treatment;before visit;2021-10-28 23:59:59+00:00;34.09;;;;2.37;;;12.35;;
8087988;treatment;before visit;2021-10-29 23:59:59+00:00;35.16;;;;2.73;;;12.06;;
8087988;treatment;before visit;2021-10-30 23:59:59+00:00;42.52;;;;2.95;;;9.65;;
8087988;treatment;before visit;2021-10-31 23:59:59+00:00;35.8;;;;2.78;;;9.46;;
8087988;treatment;before visit;2021-11-01 23:59:59+00:00;29.4;;;;2.63;;;9.78;;
8087988;treatment;before visit;2021-11-02 23:59:59+00:00;34.82;;;;2.48;;;12.96;;
8087988;treatment;before visit;2021-11-03 23:59:59+00:00;40.23;;;;2.39;;;12.39;;
8087988;treatment;before visit;2021-11-04 23:59:59+00:00;37.02;;;;2.57;;;14.34;;
8087988;treatment;before visit;2021-11-05 23:59:59+00:00;44.14;;;;2.4;;;15.0;;
8087988;treatment;before visit;2021-11-06 23:59:59+00:00;44.47;;;;2.23;;;18.32;;
8087988;treatment;before visit;2021-11-07 23:59:59+00:00;43.84;;;;1.91;;;14.7;;
8087988;treatment;before visit;2021-11-08 23:59:59+00:00;38.58;;;;2.12;;;12.93;;
8087988;treatment;before visit;2021-11-09 23:59:59+00:00;42.28;;;;2.28;;;18.19;;
8087988;treatment;before visit;2021-11-10 23:59:59+00:00;43.88;;;;2.48;;;14.15;;
8087988;treatment;before visit;2021-11-11 23:59:59+00:00;35.72;;;;2.34;;;13.05;;
8087988;treatment;before visit;2021-11-12 23:59:59+00:00;39.97;;;;2.39;;;13.86;;
8087988;treatment;before visit;2021-11-13 23:59:59+00:00;52.43;;;;2.35;;;12.39;;
8087988;treatment;before visit;2021-11-14 23:59:59+00:00;46.22;;;;2.86;;;13.28;;
8087988;treatment;before visit;2021-11-15 23:59:59+00:00;42.27;;;;2.0;;;13.21;;
8087988;treatment;before visit;2021-11-16 23:59:59+00:00;34.73;;;;2.62;;;12.39;;
8087988;treatment;before visit;2021-11-17 23:59:59+00:00;40.48;;;;2.39;;;15.66;;
8087988;treatment;before visit;2021-11-18 23:59:59+00:00;40.51;;;;2.7;;;14.09;;
8087988;treatment;before visit;2021-11-19 23:59:59+00:00;46.69;;;;2.37;;;15.27;;
8087988;treatment;before visit;2021-11-20 23:59:59+00:00;45.08;;;;2.58;;;16.1;;
8087988;treatment;before visit;2021-11-21 23:59:59+00:00;49.43;;;;2.49;;;15.36;;
8087988;treatment;before visit;2021-11-22 23:59:59+00:00;37.73;;;;2.42;;;14.0;;
8087988;treatment;before visit;2021-11-23 23:59:59+00:00;54.62;;;;2.01;;;16.71;;
8087988;treatment;before visit;2021-11-24 23:59:59+00:00;44.13;;;;2.71;;;16.31;;
8087988;treatment;before visit;2021-11-25 23:59:59+00:00;48.1;;;;2.69;;;16.37;;
8087988;treatment;before visit;2021-11-26 23:59:59+00:00;44.43;;;;2.53;;;17.17;;
8087988;treatment;before visit;2021-11-27 23:59:59+00:00;53.1;;;;2.43;;;18.56;;
8087988;treatment;before visit;2021-11-28 23:59:59+00:00;64.65;;;;2.73;;;16.83;;
8087988;treatment;before visit;2021-11-29 23:59:59+00:00;48.97;;;;1.87;;;20.94;;
8087988;treatment;before visit;2021-11-30 23:59:59+00:00;50.33;;;;2.17;;;19.02;;
8087988;treatment;before visit;2021-12-01 23:59:59+00:00;47.23;;;;2.36;;;16.14;;
8087988;treatment;before visit;2021-12-02 23:59:59+00:00;50.76;;;;2.07;;;19.07;;
8087988;treatment;before visit;2021-12-03 23:59:59+00:00;54.67;;;;2.11;;;21.6;;
8087988;treatment;before visit;2021-12-04 23:59:59+00:00;65.26;;;;2.46;;;15.58;;
8087988;treatment;before visit;2021-12-05 23:59:59+00:00;48.21;;;;2.76;;;16.71;;
8087988;treatment;before visit;2021-12-06 23:59:59+00:00;49.52;;;;1.98;;;19.43;;
8087988;treatment;before visit;2021-12-07 23:59:59+00:00;49.73;;;;2.17;;;19.97;;
8087988;treatment;before visit;2021-12-08 23:59:59+00:00;52.74;;;;2.53;;;16.37;;
8087988;treatment;before visit;2021-12-09 23:59:59+00:00;52.91;;;;1.89;;;22.69;;
8087988;treatment;before visit;2021-12-10 23:59:59+00:00;59.66;;;;2.1;;;24.38;;
8087988;treatment;before visit;2021-12-11 23:59:59+00:00;52.64;;;;2.83;;;16.35;;
8087988;treatment;before visit;2021-12-12 23:59:59+00:00;53.83;;;;2.5;;;18.5;;
8087988;treatment;before visit;2021-12-13 23:59:59+00:00;48.01;;;;2.13;;;17.02;;
8087988;treatment;before visit;2021-12-14 23:59:59+00:00;53.78;;;;2.43;;;17.95;;
8087988;treatment;before visit;2021-12-15 23:59:59+00:00;46.63;;;;2.32;;;18.56;;
8087988;treatment;before visit;2021-12-16 23:59:59+00:00;51.67;;;;1.97;;;19.33;;
8087988;treatment;before visit;2021-12-17 23:59:59+00:00;52.89;;;;2.36;;;21.54;;
8087988;treatment;before visit;2021-12-18 23:59:59+00:00;63.91;;;;1.65;;;25.86;;
8087988;treatment;before visit;2021-12-19 23:59:59+00:00;64.06;;;;1.92;;;25.5;;
8087988;treatment;before visit;2021-12-20 23:59:59+00:00;59.08;;;;2.1;;;24.23;;
8087988;treatment;before visit;2021-12-21 23:59:59+00:00;56.2;;;;2.12;;;24.27;;
8087988;treatment;before visit;2021-12-22 23:59:59+00:00;65.2;;;;1.71;;;28.61;;
8087988;treatment;before visit;2021-12-23 23:59:59+00:00;65.11;;;;2.04;;;23.89;;
8087988;treatment;before visit;2021-12-24 23:59:59+00:00;63.28;;;;2.53;;;16.61;;
8087988;treatment;before visit;2021-12-25 23:59:59+00:00;48.5;;;;2.28;;;15.16;;
8087988;treatment;before visit;2021-12-26 23:59:59+00:00;45.4;;;;2.27;;;15.47;;
8087988;treatment;before visit;2021-12-27 23:59:59+00:00;48.63;;;;2.35;;;16.2;;
8087988;treatment;before visit;2021-12-28 23:59:59+00:00;47.34;;;;2.48;;;14.17;;
8087988;treatment;before visit;2021-12-29 23:59:59+00:00;47.91;;;;2.81;;;13.05;;
8087988;treatment;before visit;2021-12-30 23:59:59+00:00;49.55;;;;3.1;;;11.9;;
8087988;treatment;before visit;2021-12-31 23:59:59+00:00;54.21;;;;2.55;;;16.05;;
8087988;treatment;before visit;2022-01-01 23:59:59+00:00;55.38;;;;2.52;;;17.0;;
8087988;treatment;before visit;2022-01-02 23:59:59+00:00;41.48;;;;3.12;;;12.48;;
8087988;treatment;before visit;2022-01-03 23:59:59+00:00;40.06;;;;2.78;;;11.14;;
8087988;treatment;before visit;2022-01-04 23:59:59+00:00;46.37;;;;2.98;;;10.15;;
8087988;treatment;before visit;2022-01-05 23:59:59+00:00;55.31;;;;2.32;;;19.55;;
8087988;treatment;before visit;2022-01-06 23:59:59+00:00;53.71;;;;2.36;;;20.76;;
8087988;treatment;before visit;2022-01-07 23:59:59+00:00;61.33;;;;1.97;;;24.48;;
8087988;treatment;before visit;2022-01-08 23:59:59+00:00;52.93;;;;2.41;;;17.52;;
8087988;treatment;before visit;2022-01-09 23:59:59+00:00;49.79;;;;2.52;;;17.51;;
8087988;treatment;before visit;2022-01-10 23:59:59+00:00;50.22;;;;2.4;;;18.26;;
8087988;treatment;before visit;2022-01-11 23:59:59+00:00;64.42;;;;1.74;;;26.35;;
8087988;treatment;before visit;2022-01-12 23:59:59+00:00;62.7;;;;1.73;;;27.71;;
8087988;treatment;before visit;2022-01-13 23:59:59+00:00;58.47;;;;1.86;;;27.82;;
8087988;treatment;before visit;2022-01-14 23:59:59+00:00;61.73;;;;2.16;;;23.52;;
8087988;treatment;before visit;2022-01-15 23:59:59+00:00;60.66;;;;1.82;;;27.4;;
8087988;treatment;before visit;2022-01-16 23:59:59+00:00;69.61;;;;2.07;;;22.51;;
8087988;treatment;before visit;2022-01-17 23:59:59+00:00;47.52;;;;2.07;;;17.29;;
8087988;treatment;before visit;2022-01-18 23:59:59+00:00;64.5;;;;1.73;;;23.44;;
8087988;treatment;before visit;2022-01-19 23:59:59+00:00;56.44;;;;1.77;;;25.06;;
8087988;treatment;before visit;2022-01-20 23:59:59+00:00;61.3;;;;2.43;;;18.53;;
8087988;treatment;before visit;2022-01-21 23:59:59+00:00;53.15;;;;1.97;;;24.13;;
8087988;treatment;before visit;2022-01-22 23:59:59+00:00;59.11;;;;2.16;;;23.08;;
8087988;treatment;before visit;2022-01-23 23:59:59+00:00;64.48;;;;1.79;;;27.33;;
8087988;treatment;before visit;2022-01-24 23:59:59+00:00;58.28;;;;1.81;;;25.41;;
8087988;treatment;before visit;2022-01-25 23:59:59+00:00;50.23;;;;1.67;;;23.59;;
8087988;treatment;before visit;2022-01-26 23:59:59+00:00;60.93;;;;2.02;;;24.16;;
8087988;treatment;before visit;2022-01-27 23:59:59+00:00;59.61;;;;2.2;;;22.68;;
8087988;treatment;before visit;2022-01-28 23:59:59+00:00;48.47;;;;2.53;;;16.55;;
8087988;treatment;before visit;2022-01-29 23:59:59+00:00;47.92;;;;2.43;;;17.64;;
8087988;treatment;before visit;2022-01-30 23:59:59+00:00;53.79;;;;2.52;;;15.71;;
8087988;treatment;before visit;2022-01-31 23:59:59+00:00;51.53;;;;2.49;;;16.8;;
8087988;treatment;before visit;2022-02-01 23:59:59+00:00;49.66;;;;2.46;;;17.76;;
8087988;treatment;before visit;2022-02-02 23:59:59+00:00;45.16;;;;2.78;;;14.17;;
8087988;treatment;before visit;2022-02-03 23:59:59+00:00;48.13;;;;2.5;;;15.51;;
8087988;treatment;before visit;2022-02-04 23:59:59+00:00;53.86;;;;2.55;;;16.64;;
8087988;treatment;before visit;2022-02-05 23:59:59+00:00;58.78;;;;2.51;;;19.34;;
8087988;treatment;before visit;2022-02-06 23:59:59+00:00;62.75;;;;2.4;;;16.46;;
8087988;treatment;before visit;2022-02-07 23:59:59+00:00;60.06;;;;2.3;;;18.81;;
8087988;treatment;before visit;2022-02-08 23:59:59+00:00;48.65;;;;2.15;;;18.58;;
8087988;treatment;before visit;2022-02-09 23:59:59+00:00;52.2;;;;2.51;;;19.98;;
8087988;treatment;before visit;2022-02-10 23:59:59+00:00;65.1;;;;2.7;;;15.22;;
8087988;treatment;before visit;2022-02-11 23:59:59+00:00;53.27;;;;2.51;;;18.89;;
8087988;treatment;before visit;2022-02-12 23:59:59+00:00;72.95;;;;1.94;;;26.18;;
8087988;treatment;before visit;2022-02-13 23:59:59+00:00;59.05;;;;1.85;;;22.0;;
8087988;treatment;before visit;2022-02-14 23:59:59+00:00;51.89;;;;2.35;;;17.07;;
8087988;treatment;before visit;2022-02-15 23:59:59+00:00;52.56;;;;2.66;;;16.42;;
8087988;treatment;before visit;2022-02-16 23:59:59+00:00;44.84;;;;2.63;;;14.07;;
8087988;treatment;before visit;2022-02-17 23:59:59+00:00;41.3;;;;2.94;;;10.69;;
8087988;treatment;before visit;2022-02-18 23:59:59+00:00;35.8;;;;2.94;;;10.8;;
8087988;treatment;before visit;2022-02-19 23:59:59+00:00;50.66;;;;2.65;;;16.83;;
8087988;treatment;before visit;2022-02-20 23:59:59+00:00;47.06;;;;2.87;;;13.57;;
8087988;treatment;before visit;2022-02-21 23:59:59+00:00;47.11;;;;2.65;;;14.76;;
8087988;treatment;before visit;2022-02-22 23:59:59+00:00;52.37;;;;2.66;;;14.05;;
8087988;treatment;before visit;2022-02-23 23:59:59+00:00;39.46;;;;2.85;;;13.63;;
8087988;treatment;before visit;2022-02-24 23:59:59+00:00;46.18;;;;2.82;;;14.03;;
8087988;treatment;before visit;2022-02-25 23:59:59+00:00;44.07;;;;2.38;;;16.83;;
8087988;treatment;before visit;2022-02-26 23:59:59+00:00;49.02;;;;2.62;;;18.44;;
8087988;treatment;before visit;2022-02-27 23:59:59+00:00;54.08;;;;2.5;;;21.42;;
8087988;treatment;before visit;2022-02-28 23:59:59+00:00;50.16;;;;2.24;;;21.32;;
8087988;treatment;before visit;2022-03-01 23:59:59+00:00;53.08;;;;2.29;;;20.08;;
8087988;treatment;before visit;2022-03-02 23:59:59+00:00;56.42;;;;2.35;;;17.1;;
8087988;treatment;before visit;2022-03-03 23:59:59+00:00;39.03;;;;2.67;;;14.35;;
8087988;treatment;before visit;2022-03-04 23:59:59+00:00;53.71;;;;2.38;;;18.16;;
8087988;treatment;before visit;2022-03-05 23:59:59+00:00;59.53;;;;2.64;;;19.83;;
8087988;treatment;before visit;2022-03-06 23:59:59+00:00;47.0;;;;2.52;;;19.26;;
8087988;treatment;before visit;2022-03-07 23:59:59+00:00;53.42;;;;2.42;;;20.52;;
8087988;treatment;before visit;2022-03-08 23:59:59+00:00;53.41;;;;2.38;;;20.34;;
8087988;treatment;before visit;2022-03-09 23:59:59+00:00;49.65;;;;2.76;;;16.75;;
8087988;treatment;before visit;2022-03-10 23:59:59+00:00;42.8;;;;2.6;;;16.2;;
8087988;treatment;before visit;2022-03-11 23:59:59+00:00;49.36;;;;2.55;;;15.36;;
8087988;treatment;before visit;2022-03-12 23:59:59+00:00;43.99;;;;2.84;;;13.81;;
8087988;treatment;before visit;2022-03-13 23:59:59+00:00;43.78;;;;2.64;;;12.24;;
8087988;treatment;before visit;2022-03-14 23:59:59+00:00;40.76;;;;2.42;;;11.9;;
8087988;treatment;before visit;2022-03-15 23:59:59+00:00;36.61;;;;2.68;;;10.7;;
8087988;treatment;before visit;2022-03-16 23:59:59+00:00;34.55;;;;2.88;;;10.56;;
8087988;treatment;before visit;2022-03-17 23:59:59+00:00;38.64;;;;2.82;;;9.7;;
8087988;treatment;before visit;2022-03-18 23:59:59+00:00;48.51;;;;2.99;;;11.85;;
8087988;treatment;before visit;2022-03-19 23:59:59+00:00;35.71;;;;2.91;;;13.05;;
8087988;treatment;before visit;2022-03-20 23:59:59+00:00;39.93;;;;2.58;;;14.49;;
8087988;treatment;before visit;2022-03-21 23:59:59+00:00;44.66;;;;2.64;;;12.96;;
8087988;treatment;before visit;2022-03-22 23:59:59+00:00;38.92;;;;2.57;;;13.44;;
8087988;treatment;before visit;2022-03-23 23:59:59+00:00;42.63;;;;2.51;;;13.06;;
8087988;treatment;before visit;2022-03-24 23:59:59+00:00;41.37;;;;2.5;;;11.59;;
8087988;treatment;before visit;2022-03-25 23:59:59+00:00;37.32;;;;2.91;;;10.58;;
8087988;treatment;before visit;2022-03-26 23:59:59+00:00;35.15;;;;3.27;;;10.05;;
8087988;treatment;before visit;2022-03-27 23:59:59+00:00;43.96;;;;2.45;;;11.54;;
8087988;treatment;before visit;2022-03-28 23:59:59+00:00;33.41;;;;2.68;;;9.88;;
8087988;treatment;before visit;2022-03-29 23:59:59+00:00;29.46;;;;2.98;;;8.04;;
8087988;treatment;before visit;2022-03-30 23:59:59+00:00;43.22;;;;2.3;;;11.33;;
8087988;treatment;before visit;2022-03-31 23:59:59+00:00;34.19;;;;3.01;;;10.04;;
8087988;treatment;before visit;2022-04-01 23:59:59+00:00;53.03;;;;2.96;;;14.41;;
8087988;treatment;before visit;2022-04-02 23:59:59+00:00;55.66;;;;2.23;;;18.03;;
8087988;treatment;before visit;2022-04-03 23:59:59+00:00;45.11;;;;2.57;;;16.41;;
8087988;treatment;before visit;2022-04-04 23:59:59+00:00;42.76;;;;2.5;;;14.9;;
8087988;treatment;before visit;2022-04-05 23:59:59+00:00;34.44;;;;2.91;;;10.8;;
8087988;treatment;before visit;2022-04-06 23:59:59+00:00;35.35;;;;2.73;;;10.35;;
8087988;treatment;before visit;2022-04-07 23:59:59+00:00;35.83;;;;2.99;;;7.9;;
8087988;treatment;before visit;2022-04-08 23:59:59+00:00;33.24;;;;3.2;;;6.93;;
8087988;treatment;before visit;2022-04-09 23:59:59+00:00;51.21;;;;2.54;;;14.36;;
8087988;treatment;before visit;2022-04-10 23:59:59+00:00;41.89;;;;2.57;;;13.6;;
8087988;treatment;before visit;2022-04-11 23:59:59+00:00;35.87;;;;2.7;;;10.76;;
8087988;treatment;before visit;2022-04-12 23:59:59+00:00;33.32;;;;3.37;;;7.64;;
8087988;treatment;before visit;2022-04-13 23:59:59+00:00;28.15;;;;2.93;;;6.86;;
8087988;treatment;before visit;2022-04-14 23:59:59+00:00;27.09;;;;3.2;;;5.9;;
8087988;treatment;before visit;2022-04-15 23:59:59+00:00;34.2;;;;3.37;;;6.27;;
8087988;treatment;before visit;2022-04-16 23:59:59+00:00;43.88;;;;3.33;;;9.4;;
8087988;treatment;before visit;2022-04-17 23:59:59+00:00;35.24;;;;2.94;;;11.18;;
8087988;treatment;before visit;2022-04-18 23:59:59+00:00;38.35;;;;2.53;;;10.39;;
8087988;treatment;before visit;2022-04-19 23:59:59+00:00;32.18;;;;2.84;;;8.16;;
8087988;treatment;before visit;2022-04-20 23:59:59+00:00;29.94;;;;2.6;;;10.08;;
8087988;treatment;before visit;2022-04-21 23:59:59+00:00;28.56;;;;3.0;;;9.01;;
8087988;treatment;before visit;2022-04-22 23:59:59+00:00;45.3;;;;2.87;;;9.11;;
8087988;treatment;before visit;2022-04-23 23:59:59+00:00;30.14;;;;3.29;;;7.14;;
8087988;treatment;before visit;2022-04-24 23:59:59+00:00;35.32;;;;2.47;;;9.99;;
8087988;treatment;before visit;2022-04-25 23:59:59+00:00;28.89;;;;3.01;;;7.09;;
8087988;treatment;before visit;2022-04-26 23:59:59+00:00;38.31;;;;2.72;;;9.47;;
8087988;treatment;before visit;2022-04-27 23:59:59+00:00;28.9;;;;2.77;;;8.9;;
8087988;treatment;before visit;2022-04-28 23:59:59+00:00;38.01;;;;2.62;;;9.19;;
8087988;treatment;before visit;2022-04-29 23:59:59+00:00;33.52;;;;2.81;;;8.35;;
8087988;treatment;before visit;2022-04-30 23:59:59+00:00;30.69;;;;2.82;;;8.01;;
8087988;treatment;before visit;2022-05-01 23:59:59+00:00;31.38;;;;2.94;;;9.54;;
8087988;treatment;before visit;2022-05-02 23:59:59+00:00;33.26;;;;2.88;;;7.92;;
8087988;treatment;before visit;2022-05-03 23:59:59+00:00;23.3;;;;3.17;;;6.05;;
8087988;treatment;before visit;2022-05-04 23:59:59+00:00;40.59;;;;2.78;;;6.74;;
8087988;treatment;before visit;2022-05-05 23:59:59+00:00;28.19;;;;2.74;;;7.42;;
8087988;treatment;before visit;2022-05-06 23:59:59+00:00;24.89;;;;2.97;;;6.55;;
8087988;treatment;before visit;2022-05-07 23:59:59+00:00;25.94;;;;3.01;;;6.76;;
8087988;treatment;before visit;2022-05-08 23:59:59+00:00;28.46;;;;2.93;;;5.75;;
8087988;treatment;before visit;2022-05-09 23:59:59+00:00;23.23;;;;3.05;;;4.46;;
8087988;treatment;before visit;2022-05-10 23:59:59+00:00;21.9;;;;2.98;;;5.11;;
8087988;treatment;before visit;2022-05-11 23:59:59+00:00;20.69;;;;2.92;;;3.36;;
8087988;treatment;before visit;2022-05-12 23:59:59+00:00;21.75;;;;2.73;;;2.56;;
8087988;treatment;before visit;2022-05-13 23:59:59+00:00;16.16;;;;3.72;;;0.02;;
8087988;treatment;before visit;2022-05-14 23:59:59+00:00;19.31;;;;3.4;;;0.08;;
8087988;treatment;before visit;2022-05-15 23:59:59+00:00;25.05;;;;2.62;;;3.85;;
8087988;treatment;before visit;2022-05-16 23:59:59+00:00;22.68;;;;2.99;;;2.86;;
8087988;treatment;before visit;2022-05-17 23:59:59+00:00;21.09;;;;3.0;;;3.78;;
8087988;treatment;before visit;2022-05-18 23:59:59+00:00;22.35;;;;2.64;;;3.54;;
8087988;treatment;before visit;2022-05-19 23:59:59+00:00;21.74;;;;2.99;;;3.52;;
8087988;treatment;before visit;2022-05-20 23:59:59+00:00;22.8;;;;3.06;;;2.17;;
8087988;treatment;before visit;2022-05-21 23:59:59+00:00;26.27;;;;3.61;;;1.63;;
8087988;treatment;before visit;2022-05-22 23:59:59+00:00;23.79;;;;2.91;;;2.84;;
8087988;treatment;before visit;2022-05-23 23:59:59+00:00;14.99;;;;3.25;;;1.11;;
8087988;treatment;before visit;2022-05-24 23:59:59+00:00;23.31;;;;3.37;;;5.38;;
8087988;treatment;before visit;2022-05-25 23:59:59+00:00;21.99;;;;3.33;;;3.78;;
8087988;treatment;before visit;2022-05-26 23:59:59+00:00;27.29;;;;3.14;;;4.57;;
8087988;treatment;before visit;2022-05-27 23:59:59+00:00;23.64;;;;3.48;;;3.54;;
8087988;treatment;before visit;2022-05-28 23:59:59+00:00;26.61;;;;3.39;;;4.67;;
8087988;treatment;before visit;2022-05-29 23:59:59+00:00;27.8;;;;3.34;;;7.05;;
8087988;treatment;before visit;2022-05-30 23:59:59+00:00;25.37;;;;3.25;;;5.97;;
8087988;treatment;before visit;2022-05-31 23:59:59+00:00;24.89;;;;2.69;;;5.36;;
8087988;treatment;before visit;2022-06-01 23:59:59+00:00;20.72;;;;3.12;;;3.29;;
8087988;treatment;before visit;2022-06-02 23:59:59+00:00;22.12;;;;3.58;;;2.55;;
8087988;treatment;before visit;2022-06-03 23:59:59+00:00;23.99;;;;2.83;;;3.1;;
8087988;treatment;before visit;2022-06-04 23:59:59+00:00;19.84;;;;3.12;;;1.66;;
8087988;treatment;before visit;2022-06-05 23:59:59+00:00;19.14;;;;2.79;;;1.34;;
8087988;treatment;before visit;2022-06-06 23:59:59+00:00;21.0;;;;2.58;;;3.52;;
8087988;treatment;before visit;2022-06-07 23:59:59+00:00;25.23;;;;3.41;;;4.06;;
8087988;treatment;before visit;2022-06-08 23:59:59+00:00;22.51;;;;3.15;;;4.39;;
8087988;treatment;before visit;2022-06-09 23:59:59+00:00;26.21;;;;3.2;;;5.12;;
8087988;treatment;before visit;2022-06-10 23:59:59+00:00;24.2;;;;2.91;;;4.32;;
8087988;treatment;before visit;2022-06-11 23:59:59+00:00;26.46;;;;3.44;;;3.58;;
8087988;treatment;before visit;2022-06-12 23:59:59+00:00;30.37;;;;2.74;;;3.61;;
8087988;treatment;before visit;2022-06-13 23:59:59+00:00;18.22;;;;3.41;;;0.03;;
8087988;treatment;before visit;2022-06-14 23:59:59+00:00;24.39;;;;3.04;;;1.38;;
8087988;treatment;before visit;2022-06-15 23:59:59+00:00;21.57;;;;3.19;;;2.05;;
8087988;treatment;before visit;2022-06-16 23:59:59+00:00;19.19;;;;2.93;;;1.44;;
8087988;treatment;before visit;2022-06-17 23:59:59+00:00;17.32;;;;3.08;;;2.2;;
8087988;treatment;before visit;2022-06-18 23:59:59+00:00;17.77;;;;3.44;;;2.72;;
8087988;treatment;before visit;2022-06-19 23:59:59+00:00;17.58;;;;3.27;;;0.76;;
8087988;treatment;before visit;2022-06-20 23:59:59+00:00;14.27;;;;3.45;;;;;
8087988;treatment;before visit;2022-06-21 23:59:59+00:00;17.06;;;;3.41;;;0.17;;
8087988;treatment;before visit;2022-06-22 23:59:59+00:00;18.24;;;;3.42;;;0.01;;
8087988;treatment;before visit;2022-06-23 23:59:59+00:00;15.65;;;;3.41;;;0.85;;
8087988;treatment;before visit;2022-06-24 23:59:59+00:00;17.92;;;;3.65;;;0.89;;
8087988;treatment;before visit;2022-06-25 23:59:59+00:00;21.08;;;;3.37;;;3.66;;
8087988;treatment;before visit;2022-06-26 23:59:59+00:00;15.03;;;;3.21;;;0.09;;
8087988;treatment;before visit;2022-06-27 23:59:59+00:00;14.41;;;;3.49;;;0.01;;
8087988;treatment;before visit;2022-06-28 23:59:59+00:00;22.1;;;;3.48;;;2.87;;
8087988;treatment;before visit;2022-06-29 23:59:59+00:00;18.82;;;;3.5;;;1.6;;
8087988;treatment;before visit;2022-06-30 23:59:59+00:00;22.79;;;;3.15;;;2.18;;
8087988;treatment;before visit;2022-07-01 23:59:59+00:00;21.25;;;;3.38;;;4.39;;
8087988;treatment;before visit;2022-07-02 23:59:59+00:00;22.17;;;;3.07;;;4.37;;
8087988;treatment;before visit;2022-07-03 23:59:59+00:00;20.0;;;;3.15;;;3.19;;
8087988;treatment;before visit;2022-07-04 23:59:59+00:00;13.61;;;;2.74;;;0.01;;
8087988;treatment;before visit;2022-07-05 23:59:59+00:00;20.81;;;;3.31;;;;;
8087988;treatment;before visit;2022-07-06 23:59:59+00:00;12.8;;;;3.26;;;0.01;;
8087988;treatment;before visit;2022-07-07 23:59:59+00:00;18.47;;;;3.05;;;2.94;;
8087988;treatment;before visit;2022-07-08 23:59:59+00:00;17.07;;;;2.85;;;2.72;;
8087988;treatment;before visit;2022-07-09 23:59:59+00:00;24.32;;;;3.12;;;3.65;;
8087988;treatment;before visit;2022-07-10 23:59:59+00:00;18.68;;;;3.42;;;2.24;;
8087988;treatment;before visit;2022-07-11 23:59:59+00:00;21.63;;;;2.76;;;3.48;;
8087988;treatment;before visit;2022-07-12 23:59:59+00:00;22.99;;;;3.2;;;3.54;;
8087988;treatment;before visit;2022-07-13 23:59:59+00:00;18.88;;;;3.02;;;2.95;;
8087988;treatment;before visit;2022-07-14 23:59:59+00:00;14.29;;;;3.15;;;;;
8087988;treatment;before visit;2022-07-15 23:59:59+00:00;15.95;;;;3.27;;;;;
8087988;treatment;before visit;2022-07-16 23:59:59+00:00;15.62;;;;3.31;;;0.51;;
8087988;treatment;before visit;2022-07-17 23:59:59+00:00;17.5;;;;3.63;;;0.01;;
8087988;treatment;before visit;2022-07-18 23:59:59+00:00;18.12;;;;3.45;;;2.13;;
8087988;treatment;before visit;2022-07-19 23:59:59+00:00;19.89;;;;3.0;;;2.39;;
8087988;treatment;before visit;2022-07-20 23:59:59+00:00;16.38;;;;3.4;;;0.02;;
8087988;treatment;before visit;2022-07-21 23:59:59+00:00;13.47;;;;3.52;;;;;
8087988;treatment;before visit;2022-07-22 23:59:59+00:00;21.39;;;;3.02;;;0.75;;
8087988;treatment;before visit;2022-07-23 23:59:59+00:00;18.94;;;;3.49;;;0.48;;
8087988;treatment;before visit;2022-07-24 23:59:59+00:00;18.23;;;;3.1;;;0.09;;
8087988;treatment;before visit;2022-07-25 23:59:59+00:00;13.99;;;;3.61;;;;;
8087988;treatment;before visit;2022-07-26 23:59:59+00:00;12.83;;;;3.65;;;;;
8087988;treatment;before visit;2022-07-27 23:59:59+00:00;20.14;;;;3.13;;;0.02;;
8087988;treatment;before visit;2022-07-28 23:59:59+00:00;20.78;;;;3.04;;;1.23;;
8087988;treatment;before visit;2022-07-29 23:59:59+00:00;18.37;;;;3.4;;;1.63;;
8087988;treatment;before visit;2022-07-30 23:59:59+00:00;19.39;;;;3.41;;;2.39;;
8087988;treatment;before visit;2022-07-31 23:59:59+00:00;22.63;;;;3.68;;;2.43;;
8087988;treatment;before visit;2022-08-01 23:59:59+00:00;17.02;;;;3.06;;;1.7;;
8087988;treatment;before visit;2022-08-02 23:59:59+00:00;16.76;;;;3.28;;;1.61;;
8087988;treatment;before visit;2022-08-03 23:59:59+00:00;12.76;;;;3.53;;;0.12;;
8087988;treatment;before visit;2022-08-04 23:59:59+00:00;13.01;;;;3.24;;;;;
8087988;treatment;before visit;2022-08-05 23:59:59+00:00;13.47;;;;3.41;;;0.01;;
8087988;treatment;before visit;2022-08-06 23:59:59+00:00;15.72;;;;3.5;;;0.61;;
8087988;treatment;before visit;2022-08-07 23:59:59+00:00;15.46;;;;3.76;;;0.12;;
8087988;treatment;before visit;2022-08-08 23:59:59+00:00;18.32;;;;3.03;;;2.58;;
8087988;treatment;before visit;2022-08-09 23:59:59+00:00;23.74;;;;2.99;;;2.27;;
8087988;treatment;before visit;2022-08-10 23:59:59+00:00;18.07;;;;2.89;;;2.35;;
8087988;treatment;before visit;2022-08-11 23:59:59+00:00;17.5;;;;3.11;;;3.12;;
8087988;treatment;before visit;2022-08-12 23:59:59+00:00;19.31;;;;2.65;;;3.01;;
8087988;treatment;before visit;2022-08-13 23:59:59+00:00;26.54;;;;2.85;;;3.63;;
8087988;treatment;before visit;2022-08-14 23:59:59+00:00;30.09;;;;3.37;;;3.4;;
8087988;treatment;before visit;2022-08-15 23:59:59+00:00;21.96;;;;2.67;;;2.6;;
8087988;treatment;before visit;2022-08-16 23:59:59+00:00;37.71;;;;3.3;;;2.13;;
8087988;treatment;before visit;2022-08-17 23:59:59+00:00;16.78;;;;3.31;;;0.99;;
8087988;treatment;before visit;2022-08-18 23:59:59+00:00;17.59;;;;2.96;;;1.85;;
8087988;treatment;before visit;2022-08-19 23:59:59+00:00;23.45;;;;3.44;;;3.22;;
8087988;treatment;before visit;2022-08-20 23:59:59+00:00;24.78;;;;3.49;;;1.88;;
8087988;treatment;before visit;2022-08-21 23:59:59+00:00;23.17;;;;3.1;;;3.7;;
8087988;treatment;before visit;2022-08-22 23:59:59+00:00;21.56;;;;2.98;;;2.83;;
8087988;treatment;before visit;2022-08-23 23:59:59+00:00;24.82;;;;3.16;;;3.65;;
8087988;treatment;before visit;2022-08-24 23:59:59+00:00;22.38;;;;2.87;;;4.43;;
8087988;treatment;before visit;2022-08-25 23:59:59+00:00;19.59;;;;3.12;;;2.49;;
8087988;treatment;before visit;2022-08-26 23:59:59+00:00;20.18;;;;3.46;;;2.43;;
8087988;treatment;before visit;2022-08-27 23:59:59+00:00;31.73;;;;2.37;;;2.91;;
8087988;treatment;before visit;2022-08-28 23:59:59+00:00;20.26;;;;3.02;;;1.9;;
8087988;treatment;before visit;2022-08-29 23:59:59+00:00;24.23;;;;3.01;;;1.78;;
8087988;treatment;before visit;2022-08-30 23:59:59+00:00;21.6;;;;3.01;;;3.32;;
8087988;treatment;before visit;2022-08-31 23:59:59+00:00;19.0;;;;3.05;;;2.54;;
8087988;treatment;before visit;2022-09-01 23:59:59+00:00;24.38;;;;2.61;;;2.73;;
8087988;treatment;before visit;2022-09-02 23:59:59+00:00;25.38;;;;3.07;;;3.65;;
8087988;treatment;before visit;2022-09-03 23:59:59+00:00;27.1;;;;3.33;;;2.96;;
8087988;treatment;before visit;2022-09-04 23:59:59+00:00;20.4;;;;3.06;;;2.59;;
8087988;treatment;before visit;2022-09-05 23:59:59+00:00;22.81;;;;2.87;;;2.53;;
8087988;treatment;before visit;2022-09-06 23:59:59+00:00;18.71;;;;3.17;;;2.45;;
8087988;treatment;before visit;2022-09-07 23:59:59+00:00;19.15;;;;3.11;;;0.84;;
8087988;treatment;before visit;2022-09-08 23:59:59+00:00;20.55;;;;2.87;;;3.04;;
8087988;treatment;before visit;2022-09-09 23:59:59+00:00;23.34;;;;3.13;;;3.43;;
8087988;treatment;before visit;2022-09-10 23:59:59+00:00;21.54;;;;3.05;;;3.44;;
8087988;treatment;before visit;2022-09-11 23:59:59+00:00;25.09;;;;3.26;;;4.18;;
8087988;treatment;before visit;2022-09-12 23:59:59+00:00;24.23;;;;3.11;;;5.01;;
8087988;treatment;before visit;2022-09-13 23:59:59+00:00;24.23;;;;2.74;;;3.85;;
8087988;treatment;before visit;2022-09-14 23:59:59+00:00;19.82;;;;2.85;;;0.01;;
8087988;treatment;before visit;2022-09-15 23:59:59+00:00;18.73;;;;3.13;;;1.18;;
8087988;treatment;before visit;2022-09-16 23:59:59+00:00;22.3;;;;2.69;;;6.83;;
8087988;treatment;before visit;2022-09-17 23:59:59+00:00;34.41;;;;3.03;;;8.73;;
8087988;treatment;before visit;2022-09-18 23:59:59+00:00;30.65;;;;2.78;;;7.62;;
8087988;treatment;before visit;2022-09-19 23:59:59+00:00;30.32;;;;2.54;;;6.6;;
8087988;treatment;before visit;2022-09-20 23:59:59+00:00;28.45;;;;2.56;;;8.21;;
8087988;treatment;before visit;2022-09-21 23:59:59+00:00;32.57;;;;2.54;;;9.08;;
8087988;treatment;before visit;2022-09-22 23:59:59+00:00;29.58;;;;2.72;;;7.98;;
8087988;treatment;before visit;2022-09-23 23:59:59+00:00;30.42;;;;2.71;;;6.65;;
8087988;treatment;before visit;2022-09-24 23:59:59+00:00;26.27;;;;2.4;;;5.06;;
8087988;treatment;before visit;2022-09-25 23:59:59+00:00;28.85;;;;2.67;;;7.45;;
8087988;treatment;before visit;2022-09-26 23:59:59+00:00;25.93;;;;2.96;;;5.59;;
8087988;treatment;before visit;2022-09-27 23:59:59+00:00;29.66;;;;3.35;;;8.82;;
8087988;treatment;before visit;2022-09-28 23:59:59+00:00;27.3;;;;5.03;;;8.85;;
8087988;treatment;before visit;2022-09-29 23:59:59+00:00;32.21;;;;5.14;;;8.13;;
8087988;treatment;before visit;2022-09-30 23:59:59+00:00;28.44;;;;5.02;;;7.88;;
8087988;treatment;before visit;2022-10-01 23:59:59+00:00;37.1;;;;5.14;;;7.99;;
8087988;treatment;before visit;2022-10-02 23:59:59+00:00;22.77;;;;5.17;;;4.77;;
8087988;treatment;before visit;2022-10-03 23:59:59+00:00;22.1;;;;5.03;;;5.67;;
8087988;treatment;before visit;2022-10-04 23:59:59+00:00;32.49;;;;4.65;;;8.09;;
8087988;treatment;before visit;2022-10-05 23:59:59+00:00;25.4;;;;4.53;;;6.4;;
8087988;treatment;before visit;2022-10-06 23:59:59+00:00;25.41;;;;4.36;;;5.79;;
8087988;treatment;before visit;2022-10-07 23:59:59+00:00;27.58;;;;4.81;;;5.43;;
8087988;treatment;before visit;2022-10-08 23:59:59+00:00;28.09;;;;4.6;;;4.72;;
8087988;treatment;before visit;2022-10-09 23:59:59+00:00;29.04;;;;4.72;;;6.25;;
8087988;treatment;before visit;2022-10-10 23:59:59+00:00;20.62;;;;4.41;;;5.53;;
8087988;treatment;before visit;2022-10-11 23:59:59+00:00;22.0;;;;4.39;;;4.42;;
8087988;treatment;before visit;2022-10-12 23:59:59+00:00;27.45;;;;4.18;;;5.38;;
8087988;treatment;before visit;2022-10-13 23:59:59+00:00;26.18;;;;4.04;;;6.98;;
8087988;treatment;before visit;2022-10-14 23:59:59+00:00;26.36;;;;4.79;;;4.41;;
8087988;treatment;before visit;2022-10-15 23:59:59+00:00;26.02;;;;4.71;;;3.4;;
8087988;treatment;before visit;2022-10-16 23:59:59+00:00;29.56;;;;5.1;;;5.89;;
8087988;treatment;before visit;2022-10-17 23:59:59+00:00;24.31;;;;4.86;;;6.11;;
8087988;treatment;before visit;2022-10-18 23:59:59+00:00;21.45;;;;4.94;;;5.23;;
8087988;treatment;before visit;2022-10-19 23:59:59+00:00;28.96;;;;4.81;;;5.86;;
8087988;treatment;before visit;2022-10-20 23:59:59+00:00;21.91;;;;4.96;;;4.4;;
8087988;treatment;before visit;2022-10-21 23:59:59+00:00;21.73;;;;4.89;;;4.78;;
8087988;treatment;before visit;2022-10-22 23:59:59+00:00;28.5;;;;5.13;;;5.1;;
8087988;treatment;before visit;2022-10-23 23:59:59+00:00;26.56;;;;4.89;;;4.84;;
8087988;treatment;before visit;2022-10-24 23:59:59+00:00;23.49;;;;5.05;;;5.38;;
8087988;treatment;before visit;2022-10-25 23:59:59+00:00;25.04;;;;5.2;;;5.05;;
8087988;treatment;before visit;2022-10-26 23:59:59+00:00;24.06;;;;5.04;;;4.33;;
8087988;treatment;before visit;2022-10-27 23:59:59+00:00;28.67;;;;4.98;;;5.91;;
8087988;treatment;before visit;2022-10-28 23:59:59+00:00;27.14;;;;4.94;;;5.52;;
8087988;treatment;before visit;2022-10-29 23:59:59+00:00;32.24;;;;5.3;;;5.3;;
8087988;treatment;before visit;2022-10-30 23:59:59+00:00;29.68;;;;5.29;;;7.62;;
8087988;treatment;before visit;2022-10-31 23:59:59+00:00;27.76;;;;4.92;;;6.74;;
8087988;treatment;before visit;2022-11-01 23:59:59+00:00;25.18;;;;4.99;;;5.72;;
8087988;treatment;before visit;2022-11-02 23:59:59+00:00;26.49;;;;4.8;;;7.61;;
8087988;treatment;before visit;2022-11-03 23:59:59+00:00;33.81;;;;4.58;;;8.44;;
8087988;treatment;before visit;2022-11-04 23:59:59+00:00;26.9;;;;4.69;;;9.02;;
8087988;treatment;before visit;2022-11-05 23:59:59+00:00;39.63;;;;4.78;;;11.05;;
8087988;treatment;before visit;2022-11-06 23:59:59+00:00;35.37;;;;4.01;;;12.15;;
8087988;treatment;before visit;2022-11-07 23:59:59+00:00;30.67;;;;4.86;;;9.7;;
8087988;treatment;before visit;2022-11-08 23:59:59+00:00;37.2;;;;5.03;;;9.89;;
8087988;treatment;before visit;2022-11-09 23:59:59+00:00;28.06;;;;4.74;;;6.95;;
8087988;treatment;before visit;2022-11-10 23:59:59+00:00;36.87;;;;4.88;;;8.5;;
8087988;treatment;before visit;2022-11-11 23:59:59+00:00;41.08;;;;4.25;;;12.06;;
8087988;treatment;before visit;2022-11-12 23:59:59+00:00;34.65;;;;4.48;;;10.84;;
8087988;treatment;before visit;2022-11-13 23:59:59+00:00;33.87;;;;4.34;;;13.44;;
8087988;treatment;before visit;2022-11-14 23:59:59+00:00;34.89;;;;4.65;;;10.79;;
8087988;treatment;before visit;2022-11-15 23:59:59+00:00;34.94;;;;4.52;;;12.02;;
8087988;treatment;before visit;2022-11-16 23:59:59+00:00;31.9;;;;4.63;;;9.31;;
8087988;treatment;before visit;2022-11-17 23:59:59+00:00;35.68;;;;4.76;;;9.26;;
8087988;treatment;before visit;2022-11-18 23:59:59+00:00;34.52;;;;4.34;;;10.88;;
8087988;treatment;before visit;2022-11-19 23:59:59+00:00;44.86;;;;4.56;;;12.77;;
8087988;treatment;before visit;2022-11-20 23:59:59+00:00;37.49;;;;4.34;;;14.02;;
8087988;treatment;before visit;2022-11-21 23:59:59+00:00;33.36;;;;4.58;;;11.08;;
8087988;treatment;before visit;2022-11-22 23:59:59+00:00;35.15;;;;4.27;;;12.44;;
8087988;treatment;before visit;2022-11-23 23:59:59+00:00;36.63;;;;4.17;;;12.93;;
8087988;treatment;before visit;2022-11-24 23:59:59+00:00;38.42;;;;4.4;;;13.78;;
8087988;treatment;before visit;2022-11-25 23:59:59+00:00;35.57;;;;4.43;;;12.99;;
8087988;treatment;before visit;2022-11-26 23:59:59+00:00;51.04;;;;4.12;;;17.77;;
8087988;treatment;before visit;2022-11-27 23:59:59+00:00;39.14;;;;4.12;;;15.16;;
8087988;treatment;before visit;2022-11-28 23:59:59+00:00;29.33;;;;4.2;;;12.22;;
8087988;treatment;before visit;2022-11-29 23:59:59+00:00;42.53;;;;3.94;;;14.4;;
8087988;treatment;before visit;2022-11-30 23:59:59+00:00;36.66;;;;3.86;;;14.95;;
8087988;treatment;before visit;2022-12-01 23:59:59+00:00;42.54;;;;3.86;;;17.12;;
8087988;treatment;before visit;2022-12-02 23:59:59+00:00;50.34;;;;3.68;;;19.51;;
8087988;treatment;before visit;2022-12-03 23:59:59+00:00;50.98;;;;3.64;;;20.2;;
8087988;treatment;before visit;2022-12-04 23:59:59+00:00;39.51;;;;3.78;;;15.12;;
8087988;treatment;before visit;2022-12-05 23:59:59+00:00;40.77;;;;3.71;;;15.27;;
8087988;treatment;before visit;2022-12-06 23:59:59+00:00;43.42;;;;3.91;;;17.8;;
8087988;treatment;before visit;2022-12-07 23:59:59+00:00;40.99;;;;4.41;;;15.61;;
8087988;treatment;before visit;2022-12-08 23:59:59+00:00;51.44;;;;3.33;;;19.99;;
8087988;treatment;before visit;2022-12-09 23:59:59+00:00;44.65;;;;3.45;;;19.65;;
8087988;treatment;before visit;2022-12-10 23:59:59+00:00;58.6;;;;3.82;;;19.23;;
8087988;treatment;before visit;2022-12-11 23:59:59+00:00;64.94;;;;3.09;;;25.81;;
8087988;treatment;before visit;2022-12-12 23:59:59+00:00;60.92;;;;2.72;;;27.95;;
8087988;treatment;before visit;2022-12-13 23:59:59+00:00;55.52;;;;3.25;;;22.17;;
8087988;treatment;before visit;2022-12-14 23:59:59+00:00;46.69;;;;4.62;;;14.47;;
8087988;treatment;before visit;2022-12-15 23:59:59+00:00;49.86;;;;4.12;;;16.85;;
8087988;treatment;before visit;2022-12-16 23:59:59+00:00;55.22;;;;3.17;;;23.53;;
8087988;treatment;before visit;2022-12-17 23:59:59+00:00;58.7;;;;3.46;;;21.58;;
8087988;treatment;before visit;2022-12-18 23:59:59+00:00;62.92;;;;3.26;;;21.62;;
8087988;treatment;before visit;2022-12-19 23:59:59+00:00;48.46;;;;3.92;;;16.17;;
8087988;treatment;before visit;2022-12-20 23:59:59+00:00;45.75;;;;3.93;;;15.44;;
8087988;treatment;before visit;2022-12-21 23:59:59+00:00;37.25;;;;4.81;;;12.91;;
8087988;treatment;before visit;2022-12-22 23:59:59+00:00;47.6;;;;4.76;;;10.75;;
8087988;treatment;before visit;2022-12-23 23:59:59+00:00;37.53;;;;4.96;;;8.81;;
8087988;treatment;before visit;2022-12-24 23:59:59+00:00;40.14;;;;4.68;;;10.71;;
8087988;treatment;before visit;2022-12-25 23:59:59+00:00;39.73;;;;4.67;;;11.82;;
8087988;treatment;before visit;2022-12-26 23:59:59+00:00;41.59;;;;4.8;;;10.42;;
8087988;treatment;before visit;2022-12-27 23:59:59+00:00;39.13;;;;4.45;;;14.74;;
8087988;treatment;before visit;2022-12-28 23:59:59+00:00;43.51;;;;4.58;;;14.05;;
8087988;treatment;before visit;2022-12-29 23:59:59+00:00;39.95;;;;4.5;;;13.24;;
8087988;treatment;before visit;2022-12-30 23:59:59+00:00;46.68;;;;4.73;;;12.32;;
8087988;treatment;before visit;2022-12-31 23:59:59+00:00;39.61;;;;5.31;;;9.71;;
8087988;treatment;before visit;2023-01-01 23:59:59+00:00;38.76;;;;4.7;;;12.98;;
8087988;treatment;before visit;2023-01-02 23:59:59+00:00;38.92;;;;4.81;;;12.51;;
8087988;treatment;before visit;2023-01-03 23:59:59+00:00;41.35;;;;4.57;;;12.36;;
8087988;treatment;before visit;2023-01-04 23:59:59+00:00;35.73;;;;5.04;;;10.54;;
8087988;treatment;before visit;2023-01-05 23:59:59+00:00;39.42;;;;5.18;;;10.99;;
8087988;treatment;before visit;2023-01-06 23:59:59+00:00;36.29;;;;4.54;;;12.07;;
8087988;treatment;before visit;2023-01-07 23:59:59+00:00;48.57;;;;4.76;;;15.76;;
8087988;treatment;before visit;2023-01-08 23:59:59+00:00;40.91;;;;4.67;;;13.05;;
8087988;treatment;before visit;2023-01-09 23:59:59+00:00;48.65;;;;4.54;;;14.03;;
8087988;treatment;before visit;2023-01-10 23:59:59+00:00;44.9;;;;4.44;;;15.05;;
8087988;treatment;before visit;2023-01-11 23:59:59+00:00;45.49;;;;4.6;;;13.63;;
8087988;treatment;before visit;2023-01-12 23:59:59+00:00;45.0;;;;4.71;;;14.85;;
8087988;treatment;before visit;2023-01-13 23:59:59+00:00;46.25;;;;5.04;;;14.59;;
8087988;treatment;before visit;2023-01-14 23:59:59+00:00;58.0;;;;4.9;;;15.24;;
8087988;treatment;before visit;2023-01-15 23:59:59+00:00;55.76;;;;4.54;;;19.44;;
8087988;treatment;before visit;2023-01-16 23:59:59+00:00;47.35;;;;4.79;;;17.3;;
8087988;treatment;before visit;2023-01-17 23:59:59+00:00;51.42;;;;4.17;;;18.03;;
8087988;treatment;before visit;2023-01-18 23:59:59+00:00;54.13;;;;4.15;;;19.2;;
8087988;treatment;before visit;2023-01-19 23:59:59+00:00;69.15;;;;3.28;;;28.76;;
8087988;treatment;before visit;2023-01-20 23:59:59+00:00;79.37;;;;3.14;;;33.3;;
8087988;treatment;before visit;2023-01-21 23:59:59+00:00;75.62;;;;3.34;;;28.09;;
8087988;treatment;before visit;2023-01-22 23:59:59+00:00;61.39;;;;3.92;;;22.94;;
8087988;treatment;before visit;2023-01-23 23:59:59+00:00;53.59;;;;4.07;;;20.18;;
8087988;treatment;before visit;2023-01-24 23:59:59+00:00;53.49;;;;4.0;;;21.69;;
8087988;treatment;before visit;2023-01-25 23:59:59+00:00;54.29;;;;4.91;;;17.82;;
8087988;treatment;before visit;2023-01-26 23:59:59+00:00;54.43;;;;4.14;;;18.88;;
8087988;treatment;before visit;2023-01-27 23:59:59+00:00;56.87;;;;4.23;;;19.32;;
8087988;treatment;before visit;2023-01-28 23:59:59+00:00;53.28;;;;4.21;;;19.27;;
8087988;treatment;before visit;2023-01-29 23:59:59+00:00;53.37;;;;4.17;;;19.56;;
8087988;treatment;before visit;2023-01-30 23:59:59+00:00;53.33;;;;4.46;;;19.55;;
8087988;treatment;before visit;2023-01-31 23:59:59+00:00;50.3;;;;5.08;;;15.79;;
8087988;treatment;before visit;2023-02-01 23:59:59+00:00;52.47;;;;5.1;;;16.07;;
8087988;treatment;before visit;2023-02-02 23:59:59+00:00;46.65;;;;5.02;;;14.43;;
8087988;treatment;before visit;2023-02-03 23:59:59+00:00;51.34;;;;4.95;;;14.1;;
8087988;treatment;before visit;2023-02-04 23:59:59+00:00;55.79;;;;4.59;;;15.43;;
8087988;treatment;before visit;2023-02-05 23:59:59+00:00;51.68;;;;5.14;;;16.05;;
8087988;treatment;before visit;2023-02-06 23:59:59+00:00;50.58;;;;4.79;;;17.19;;
8087988;treatment;before visit;2023-02-07 23:59:59+00:00;56.61;;;;3.91;;;23.23;;
8087988;treatment;before visit;2023-02-08 23:59:59+00:00;57.31;;;;4.24;;;21.95;;
8087988;treatment;before visit;2023-02-09 23:59:59+00:00;61.45;;;;3.82;;;24.59;;
8087988;treatment;before visit;2023-02-10 23:59:59+00:00;59.32;;;;3.95;;;23.81;;
8087988;treatment;before visit;2023-02-11 23:59:59+00:00;56.89;;;;4.51;;;20.81;;
8087988;treatment;before visit;2023-02-12 23:59:59+00:00;59.51;;;;4.91;;;18.63;;
8087988;treatment;before visit;2023-02-13 23:59:59+00:00;53.36;;;;4.67;;;18.49;;
8087988;treatment;before visit;2023-02-14 23:59:59+00:00;47.98;;;;4.95;;;16.83;;
8087988;treatment;before visit;2023-02-15 23:59:59+00:00;47.01;;;;5.12;;;15.92;;
8087988;treatment;before visit;2023-02-16 23:59:59+00:00;43.96;;;;5.03;;;14.16;;
8087988;treatment;before visit;2023-02-17 23:59:59+00:00;36.14;;;;5.58;;;10.51;;
8087988;treatment;before visit;2023-02-18 23:59:59+00:00;40.09;;;;5.5;;;11.87;;
8087988;treatment;before visit;2023-02-19 23:59:59+00:00;45.6;;;;5.93;;;11.42;;
8087988;treatment;before visit;2023-02-20 23:59:59+00:00;39.77;;;;5.3;;;12.69;;
8087988;treatment;before visit;2023-02-21 23:59:59+00:00;47.15;;;;5.43;;;12.97;;
8087988;treatment;before visit;2023-02-22 23:59:59+00:00;39.19;;;;5.45;;;10.74;;
8087988;treatment;before visit;2023-02-23 23:59:59+00:00;39.07;;;;5.43;;;10.52;;
8087988;treatment;before visit;2023-02-24 23:59:59+00:00;34.13;;;;5.53;;;10.62;;
8087988;treatment;before visit;2023-02-25 23:59:59+00:00;58.27;;;;5.49;;;14.55;;
8087988;treatment;before visit;2023-02-26 23:59:59+00:00;61.99;;;;4.7;;;18.92;;
8087988;treatment;before visit;2023-02-27 23:59:59+00:00;55.31;;;;4.83;;;18.3;;
8087988;treatment;before visit;2023-02-28 23:59:59+00:00;46.51;;;;4.62;;;17.83;;
8087988;treatment;before visit;2023-03-01 23:59:59+00:00;50.57;;;;4.93;;;16.99;;
8087988;treatment;before visit;2023-03-02 23:59:59+00:00;47.89;;;;4.99;;;16.13;;
8087988;treatment;before visit;2023-03-03 23:59:59+00:00;56.51;;;;5.22;;;14.81;;
8087988;treatment;before visit;2023-03-04 23:59:59+00:00;51.27;;;;5.49;;;14.09;;
8087988;treatment;before visit;2023-03-05 23:59:59+00:00;52.0;;;;5.17;;;15.6;;
8087988;treatment;before visit;2023-03-06 23:59:59+00:00;56.95;;;;5.07;;;15.21;;
8087988;treatment;before visit;2023-03-07 23:59:59+00:00;40.36;;;;5.14;;;13.85;;
8087988;treatment;before visit;2023-03-08 23:59:59+00:00;40.04;;;;5.67;;;10.42;;
8087988;treatment;before visit;2023-03-09 23:59:59+00:00;40.16;;;;5.79;;;9.73;;
8087988;treatment;before visit;2023-03-10 23:59:59+00:00;51.52;;;;5.44;;;11.51;;
8087988;treatment;before visit;2023-03-11 23:59:59+00:00;56.42;;;;5.11;;;16.15;;
8087988;treatment;before visit;2023-03-12 23:59:59+00:00;47.15;;;;5.75;;;11.63;;
8087988;treatment;before visit;2023-03-13 23:59:59+00:00;44.84;;;;5.88;;;9.54;;
8087988;treatment;before visit;2023-03-14 23:59:59+00:00;48.46;;;;5.43;;;12.87;;
8087988;treatment;before visit;2023-03-15 23:59:59+00:00;50.74;;;;5.18;;;14.51;;
8087988;treatment;before visit;2023-03-16 23:59:59+00:00;46.47;;;;5.16;;;14.34;;
8087988;treatment;before visit;2023-03-17 23:59:59+00:00;33.7;;;;5.41;;;10.48;;
8087988;treatment;before visit;2023-03-18 23:59:59+00:00;43.21;;;;6.06;;;9.59;;
8087988;treatment;before visit;2023-03-19 23:59:59+00:00;36.26;;;;6.09;;;9.56;;
8087988;treatment;before visit;2023-03-20 23:59:59+00:00;41.76;;;;5.78;;;9.09;;
8087988;treatment;before visit;2023-03-21 23:59:59+00:00;34.24;;;;5.86;;;9.41;;
8087988;treatment;before visit;2023-03-22 23:59:59+00:00;34.75;;;;5.73;;;8.12;;
8087988;treatment;before visit;2023-03-23 23:59:59+00:00;28.95;;;;5.99;;;7.12;;
8087988;treatment;before visit;2023-03-24 23:59:59+00:00;31.57;;;;6.0;;;8.29;;
8087988;treatment;before visit;2023-03-25 23:59:59+00:00;43.67;;;;5.78;;;10.26;;
8087988;treatment;before visit;2023-03-26 23:59:59+00:00;47.26;;;;5.45;;;10.7;;
8087988;treatment;before visit;2023-03-27 23:59:59+00:00;54.85;;;;5.36;;;14.2;;
8087988;treatment;before visit;2023-03-28 23:59:59+00:00;47.15;;;;5.29;;;13.26;;
8087988;treatment;before visit;2023-03-29 23:59:59+00:00;27.1;;;;6.12;;;6.56;;
8087988;treatment;before visit;2023-03-30 23:59:59+00:00;37.31;;;;5.75;;;7.81;;
8087988;treatment;before visit;2023-03-31 23:59:59+00:00;32.79;;;;5.64;;;8.43;;
8087988;treatment;before visit;2023-04-01 23:59:59+00:00;35.89;;;;5.24;;;10.37;;
8087988;treatment;before visit;2023-04-02 23:59:59+00:00;42.46;;;;6.02;;;9.67;;
8087988;treatment;before visit;2023-04-03 23:59:59+00:00;44.86;;;;5.4;;;12.7;;
8087988;treatment;before visit;2023-04-04 23:59:59+00:00;45.51;;;;4.92;;;16.14;;
8087988;treatment;before visit;2023-04-05 23:59:59+00:00;40.63;;;;5.03;;;14.79;;
8087988;treatment;before visit;2023-04-06 23:59:59+00:00;37.7;;;;5.3;;;12.79;;
8087988;treatment;before visit;2023-04-07 23:59:59+00:00;53.18;;;;5.93;;;10.27;;
8087988;treatment;before visit;2023-04-08 23:59:59+00:00;47.54;;;;5.61;;;11.62;;
8087988;treatment;before visit;2023-04-09 23:59:59+00:00;37.68;;;;5.33;;;11.57;;
8087988;treatment;before visit;2023-04-10 23:59:59+00:00;33.75;;;;6.25;;;8.5;;
8087988;treatment;before visit;2023-04-11 23:59:59+00:00;37.26;;;;5.85;;;9.13;;
8087988;treatment;before visit;2023-04-12 23:59:59+00:00;32.68;;;;5.93;;;8.13;;
8087988;treatment;before visit;2023-04-13 23:59:59+00:00;43.07;;;;5.28;;;11.89;;
8087988;treatment;before visit;2023-04-14 23:59:59+00:00;37.25;;;;5.23;;;11.23;;
8087988;treatment;before visit;2023-04-15 23:59:59+00:00;41.14;;;;5.68;;;10.82;;
8087988;treatment;before visit;2023-04-16 23:59:59+00:00;51.31;;;;5.71;;;11.9;;
8087988;treatment;before visit;2023-04-17 23:59:59+00:00;38.7;;;;5.58;;;9.92;;
8087988;treatment;before visit;2023-04-18 23:59:59+00:00;31.24;;;;6.03;;;8.03;;
8087988;treatment;before visit;2023-04-19 23:59:59+00:00;36.86;;;;6.09;;;8.96;;
8087988;treatment;before visit;2023-04-20 23:59:59+00:00;43.15;;;;5.09;;;12.91;;
8087988;treatment;before visit;2023-04-21 23:59:59+00:00;36.55;;;;5.66;;;9.15;;
8087988;treatment;before visit;2023-04-22 23:59:59+00:00;39.19;;;;6.01;;;7.12;;
8087988;treatment;before visit;2023-04-23 23:59:59+00:00;28.42;;;;6.43;;;6.44;;
8087988;treatment;before visit;2023-04-24 23:59:59+00:00;29.04;;;;5.94;;;8.76;;
8087988;treatment;before visit;2023-04-25 23:59:59+00:00;38.69;;;;5.85;;;9.37;;
8087988;treatment;before visit;2023-04-26 23:59:59+00:00;33.35;;;;6.04;;;8.35;;
8087988;treatment;before visit;2023-04-27 23:59:59+00:00;28.78;;;;5.88;;;6.34;;
8087988;treatment;before visit;2023-04-28 23:59:59+00:00;29.35;;;;6.03;;;5.98;;
8087988;treatment;before visit;2023-04-29 23:59:59+00:00;23.28;;;;6.4;;;4.02;;
8087988;treatment;before visit;2023-04-30 23:59:59+00:00;24.49;;;;5.85;;;6.08;;
8087988;treatment;before visit;2023-05-01 23:59:59+00:00;24.31;;;;5.88;;;6.98;;
8087988;treatment;before visit;2023-05-02 23:59:59+00:00;21.03;;;;5.68;;;6.97;;
8087988;treatment;before visit;2023-05-03 23:59:59+00:00;24.68;;;;5.6;;;8.12;;
8087988;treatment;before visit;2023-05-04 23:59:59+00:00;17.27;;;;6.1;;;4.5;;
8087988;treatment;before visit;2023-05-05 23:59:59+00:00;19.82;;;;5.86;;;5.67;;
8087988;treatment;before visit;2023-05-06 23:59:59+00:00;18.14;;;;6.24;;;3.88;;
8087988;treatment;before visit;2023-05-07 23:59:59+00:00;30.35;;;;6.7;;;5.5;;
8087988;treatment;before visit;2023-05-08 23:59:59+00:00;27.9;;;;6.66;;;4.38;;
8087988;treatment;before visit;2023-05-09 23:59:59+00:00;33.27;;;;6.78;;;3.95;;
8087988;treatment;before visit;2023-05-10 23:59:59+00:00;30.1;;;;6.36;;;7.42;;
8087988;treatment;before visit;2023-05-11 23:59:59+00:00;23.95;;;;5.63;;;7.07;;
8087988;treatment;before visit;2023-05-12 23:59:59+00:00;26.62;;;;6.2;;;5.51;;
8087988;treatment;before visit;2023-05-13 23:59:59+00:00;32.64;;;;6.7;;;6.65;;
8087988;treatment;before visit;2023-05-14 23:59:59+00:00;30.79;;;;6.47;;;6.33;;
8087988;treatment;before visit;2023-05-15 23:59:59+00:00;32.6;;;;6.13;;;6.37;;
8087988;treatment;before visit;2023-05-16 23:59:59+00:00;33.78;;;;5.96;;;7.76;;
8087988;treatment;before visit;2023-05-17 23:59:59+00:00;30.14;;;;5.97;;;8.8;;
8087988;treatment;before visit;2023-05-18 23:59:59+00:00;34.42;;;;6.12;;;8.24;;
8087988;treatment;before visit;2023-05-19 23:59:59+00:00;32.29;;;;5.91;;;7.78;;
8087988;treatment;before visit;2023-05-20 23:59:59+00:00;30.85;;;;6.71;;;5.09;;
8087988;treatment;before visit;2023-05-21 23:59:59+00:00;27.25;;;;6.81;;;3.67;;
8087988;treatment;before visit;2023-05-22 23:59:59+00:00;19.05;;;;6.55;;;3.14;;
8087988;treatment;before visit;2023-05-23 23:59:59+00:00;18.7;;;;6.98;;;;;
8087988;treatment;before visit;2023-05-24 23:59:59+00:00;28.61;;;;6.16;;;7.29;;
8087988;treatment;before visit;2023-05-25 23:59:59+00:00;23.8;;;;6.02;;;5.28;;
8087988;treatment;before visit;2023-05-26 23:59:59+00:00;25.9;;;;6.39;;;2.53;;
8087988;treatment;before visit;2023-05-27 23:59:59+00:00;25.16;;;;6.26;;;4.91;;
8087988;treatment;before visit;2023-05-28 23:59:59+00:00;21.21;;;;6.82;;;4.0;;
8087988;treatment;before visit;2023-05-29 23:59:59+00:00;29.23;;;;6.84;;;4.09;;
8087988;treatment;before visit;2023-05-30 23:59:59+00:00;27.01;;;;6.53;;;3.8;;
8087988;treatment;before visit;2023-05-31 23:59:59+00:00;25.15;;;;6.52;;;4.23;;
8087988;treatment;before visit;2023-06-01 23:59:59+00:00;26.74;;;;6.46;;;3.52;;
8087988;treatment;before visit;2023-06-02 23:59:59+00:00;20.76;;;;6.5;;;2.46;;
8087988;treatment;before visit;2023-06-03 23:59:59+00:00;34.72;;;;6.82;;;3.74;;
8087988;treatment;before visit;2023-06-04 23:59:59+00:00;25.17;;;;6.7;;;3.51;;
8087988;treatment;before visit;2023-06-05 23:59:59+00:00;28.71;;;;6.82;;;3.72;;
8087988;treatment;before visit;2023-06-06 23:59:59+00:00;26.78;;;;6.62;;;3.22;;
8087988;treatment;before visit;2023-06-07 23:59:59+00:00;25.75;;;;6.61;;;4.08;;
8087988;treatment;before visit;2023-06-08 23:59:59+00:00;26.6;;;;6.16;;;4.41;;
8087988;treatment;before visit;2023-06-09 23:59:59+00:00;20.14;;;;6.52;;;2.54;;
8087988;treatment;before visit;2023-06-10 23:59:59+00:00;19.25;;;;7.13;;;0.29;;
8087988;treatment;before visit;2023-06-11 23:59:59+00:00;20.13;;;;7.26;;;0.05;;
8087988;treatment;before visit;2023-06-12 23:59:59+00:00;21.18;;;;6.74;;;2.95;;
8087988;treatment;before visit;2023-06-13 23:59:59+00:00;28.81;;;;6.43;;;3.5;;
8087988;treatment;before visit;2023-06-14 23:59:59+00:00;21.56;;;;6.35;;;4.1;;
8087988;treatment;before visit;2023-06-15 23:59:59+00:00;22.79;;;;6.5;;;3.11;;
8087988;treatment;before visit;2023-06-16 23:59:59+00:00;18.39;;;;6.32;;;3.05;;
8087988;treatment;before visit;2023-06-17 23:59:59+00:00;19.78;;;;6.57;;;3.21;;
8087988;treatment;before visit;2023-06-18 23:59:59+00:00;25.15;;;;6.8;;;2.66;;
8087988;treatment;before visit;2023-06-19 23:59:59+00:00;23.27;;;;6.99;;;1.48;;
8087988;treatment;before visit;2023-06-20 23:59:59+00:00;18.05;;;;6.86;;;0.07;;
8087988;treatment;before visit;2023-06-21 23:59:59+00:00;18.83;;;;7.06;;;;;
8087988;treatment;before visit;2023-06-22 23:59:59+00:00;17.25;;;;6.83;;;0.07;;
8087988;treatment;before visit;2023-06-23 23:59:59+00:00;13.38;;;;6.72;;;;;
8087988;treatment;before visit;2023-06-24 23:59:59+00:00;20.36;;;;6.84;;;2.56;;
8087988;treatment;before visit;2023-06-25 23:59:59+00:00;18.65;;;;6.9;;;2.06;;
8087988;treatment;before visit;2023-06-26 23:59:59+00:00;21.62;;;;6.98;;;1.67;;
8087988;treatment;before visit;2023-06-27 23:59:59+00:00;18.31;;;;7.21;;;;;
8087988;treatment;before visit;2023-06-28 23:59:59+00:00;19.1;;;;7.27;;;;;
8087988;treatment;before visit;2023-06-29 23:59:59+00:00;17.81;;;;6.67;;;0.11;;
8087988;treatment;before visit;2023-06-30 23:59:59+00:00;15.57;;;;6.5;;;0.83;;
8087988;treatment;before visit;2023-07-01 23:59:59+00:00;20.33;;;;6.58;;;3.03;;
8087988;treatment;before visit;2023-07-02 23:59:59+00:00;19.83;;;;6.9;;;2.35;;
8087988;treatment;before visit;2023-07-03 23:59:59+00:00;18.34;;;;6.82;;;2.14;;
8087988;treatment;before visit;2023-07-04 23:59:59+00:00;21.73;;;;6.84;;;1.58;;
8087988;treatment;before visit;2023-07-05 23:59:59+00:00;20.79;;;;6.67;;;2.3;;
8087988;treatment;before visit;2023-07-06 23:59:59+00:00;15.42;;;;6.47;;;2.07;;
8087988;treatment;before visit;2023-07-07 23:59:59+00:00;20.7;;;;6.43;;;3.07;;
8087988;treatment;before visit;2023-07-08 23:59:59+00:00;19.27;;;;6.92;;;1.05;;
8087988;treatment;before visit;2023-07-09 23:59:59+00:00;17.87;;;;6.94;;;1.87;;
8087988;treatment;before visit;2023-07-10 23:59:59+00:00;17.3;;;;6.97;;;;;
8087988;treatment;before visit;2023-07-11 23:59:59+00:00;15.89;;;;6.66;;;0.41;;
8087988;treatment;before visit;2023-07-12 23:59:59+00:00;13.67;;;;7.05;;;;;
8087988;treatment;before visit;2023-07-13 23:59:59+00:00;10.61;;;;6.59;;;;;
8087988;treatment;before visit;2023-07-14 23:59:59+00:00;19.24;;;;6.72;;;2.95;;
8087988;treatment;before visit;2023-07-15 23:59:59+00:00;19.64;;;;7.19;;;1.58;;
8087988;treatment;before visit;2023-07-16 23:59:59+00:00;19.44;;;;6.87;;;1.67;;
8087988;treatment;before visit;2023-07-17 23:59:59+00:00;13.55;;;;6.85;;;0.9;;
8087988;treatment;before visit;2023-07-18 23:59:59+00:00;17.56;;;;6.99;;;;;
8087988;treatment;before visit;2023-07-19 23:59:59+00:00;18.2;;;;7.0;;;;;
8087988;treatment;before visit;2023-07-20 23:59:59+00:00;17.42;;;;7.23;;;;;
8087988;treatment;before visit;2023-07-21 23:59:59+00:00;16.85;;;;7.48;;;;;
8087988;treatment;before visit;2023-07-22 23:59:59+00:00;16.42;;;;7.46;;;;;
8087988;treatment;before visit;2023-07-23 23:59:59+00:00;20.09;;;;7.42;;;2.04;;
8087988;treatment;before visit;2023-07-24 23:59:59+00:00;20.03;;;;7.18;;;2.07;;
8087988;treatment;before visit;2023-07-25 23:59:59+00:00;26.91;;;;6.94;;;3.67;;
8087988;treatment;before visit;2023-07-26 23:59:59+00:00;28.88;;;;6.67;;;6.27;;
8087988;treatment;before visit;2023-07-27 23:59:59+00:00;19.43;;;;6.61;;;3.42;;
8087988;treatment;before visit;2023-07-28 23:59:59+00:00;20.84;;;;6.79;;;2.1;;
8087988;treatment;before visit;2023-07-29 23:59:59+00:00;26.73;;;;7.11;;;2.26;;
8087988;treatment;before visit;2023-07-30 23:59:59+00:00;20.12;;;;7.29;;;2.37;;
8087988;treatment;before visit;2023-07-31 23:59:59+00:00;29.33;;;;7.08;;;2.24;;
8087988;treatment;before visit;2023-08-01 23:59:59+00:00;25.61;;;;7.12;;;2.32;;
8087988;treatment;before visit;2023-08-02 23:59:59+00:00;20.54;;;;6.81;;;2.25;;
8087988;treatment;before visit;2023-08-03 23:59:59+00:00;20.78;;;;6.63;;;3.06;;
8087988;treatment;before visit;2023-08-04 23:59:59+00:00;17.51;;;;6.47;;;2.98;;
8087988;treatment;before visit;2023-08-05 23:59:59+00:00;22.0;;;;6.91;;;3.71;;
8087988;treatment;before visit;2023-08-06 23:59:59+00:00;30.71;;;;6.63;;;6.08;;
8087988;treatment;before visit;2023-08-07 23:59:59+00:00;24.99;;;;6.73;;;5.72;;
8087988;treatment;before visit;2023-08-08 23:59:59+00:00;26.26;;;;6.73;;;5.17;;
8087988;treatment;before visit;2023-08-09 23:59:59+00:00;22.27;;;;6.82;;;2.22;;
8087988;treatment;before visit;2023-08-10 23:59:59+00:00;20.1;;;;6.57;;;2.59;;
8087988;treatment;before visit;2023-08-11 23:59:59+00:00;19.26;;;;6.65;;;2.98;;
8087988;treatment;before visit;2023-08-12 23:59:59+00:00;21.04;;;;6.78;;;0.91;;
8087988;treatment;before visit;2023-08-13 23:59:59+00:00;16.8;;;;7.28;;;0.73;;
8087988;treatment;before visit;2023-08-14 23:59:59+00:00;9.12;;;;7.05;;;;;
8087988;treatment;before visit;2023-08-15 23:59:59+00:00;13.9;;;;7.15;;;;;
8087988;treatment;before visit;2023-08-16 23:59:59+00:00;12.15;;;;6.78;;;0.07;;
8087988;treatment;before visit;2023-08-17 23:59:59+00:00;13.59;;;;7.07;;;;;
8087988;treatment;before visit;2023-08-18 23:59:59+00:00;16.18;;;;7.02;;;1.91;;
8087988;treatment;before visit;2023-08-19 23:59:59+00:00;17.55;;;;7.11;;;1.9;;
8087988;treatment;before visit;2023-08-20 23:59:59+00:00;17.45;;;;7.51;;;0.74;;
8087988;treatment;before visit;2023-08-21 23:59:59+00:00;16.18;;;;7.27;;;;;
8087988;treatment;unknown;2023-08-22 23:59:59+00:00;16.69;;;;7.36;;;;;
8087988;treatment;unknown;2023-08-23 23:59:59+00:00;15.62;;;;7.2;;;;;
8087988;treatment;unknown;2023-08-24 23:59:59+00:00;13.87;;;;6.99;;;;;
8087988;treatment;unknown;2023-08-25 23:59:59+00:00;12.08;;;;6.91;;;;;
8087988;treatment;unknown;2023-08-26 23:59:59+00:00;14.91;;;;7.18;;;;;
8087988;treatment;unknown;2023-08-27 23:59:59+00:00;28.33;;;;6.75;;;4.3;;
8087988;treatment;unknown;2023-08-28 23:59:59+00:00;25.6;;;;6.59;;;6.33;;
8087988;treatment;unknown;2023-08-29 23:59:59+00:00;24.08;;;;6.59;;;5.86;;
8087988;treatment;unknown;2023-08-30 23:59:59+00:00;24.01;;;;6.77;;;4.68;;
8087988;treatment;unknown;2023-08-31 23:59:59+00:00;23.7;;;;6.29;;;4.76;;
8087988;treatment;unknown;2023-09-01 23:59:59+00:00;19.26;;;;6.64;;;3.23;;
8087988;treatment;unknown;2023-09-02 23:59:59+00:00;25.78;;;;6.64;;;4.43;;
8087988;treatment;unknown;2023-09-03 23:59:59+00:00;19.88;;;;6.72;;;3.26;;
8087988;treatment;unknown;2023-09-04 23:59:59+00:00;17.05;;;;6.45;;;2.99;;
8087988;treatment;unknown;2023-09-05 23:59:59+00:00;21.45;;;;6.35;;;3.82;;
8087988;treatment;unknown;2023-09-06 23:59:59+00:00;18.67;;;;6.5;;;2.88;;
