Household_ID;Survey_Building_Type;Survey_Building_LivingArea;Survey_Building_Residents;Survey_HeatPump_Installation_Type;Survey_HeatDistribution_System_FloorHeating;Survey_HeatDistribution_System_Radiator;Survey_DHW_Production_ByHeatPump;Survey_DHW_Production_ByElectricWaterHeater;Survey_DHW_Production_BySolar;Survey_Installation_HasDryer;Survey_Installation_HasFreezer;Survey_Installation_HasElectricVehicle
100119;house;130.0;3.0;ground-source;True;False;;True;;True;True;
100120;house;130.0;2.0;air-source;False;True;True;;;False;True;
103721;house;160.0;2.0;ground-source;True;False;True;;;True;True;
104118;house;155.0;3.0;ground-source;True;False;;True;;True;True;
105714;house;140.0;3.0;air-source;True;False;True;;;False;True;
105900;house;220.0;5.0;air-source;True;False;True;;;True;True;
106100;house;160.0;2.0;air-source;True;False;True;;;False;True;
107461;house;120.0;2.0;air-source;True;False;;True;;True;True;
108511;house;180.0;4.0;air-source;True;False;;True;;False;True;True
109104;house;110.0;5.0;air-source;False;True;;True;;True;True;
109711;house;200.0;2.0;ground-source;True;False;;True;;False;True;
111119;house;148.0;2.0;air-source;;;True;;;False;True;
111901;house;400.0;2.0;air-source;False;True;;True;;True;False;
112120;house;136.0;2.0;air-source;True;False;True;;;True;True;
112691;house;170.0;2.0;air-source;True;False;True;;;False;True;
112810;house;170.0;4.0;air-source;True;False;True;;;True;True;
114721;house;200.0;2.0;air-source;True;True;True;;;True;True;
114798;house;276.0;3.0;ground-source;False;True;True;;;True;True;True
116121;house;395.0;2.0;air-source;False;True;;True;;False;True;True
118117;house;180.0;2.0;ground-source;True;False;;True;;False;True;
118708;house;157.0;2.0;ground-source;True;False;True;;;True;True;True
119498;house;131.0;5.0;air-source;True;False;True;;;True;True;
120701;house;176.0;2.0;ground-source;True;False;True;;;True;True;
120741;house;140.0;2.0;air-source;True;False;True;;;False;True;
121728;house;160.0;2.0;air-source;;;True;;;True;False;
121887;house;200.0;4.0;air-source;True;False;True;;;True;True;
122671;house;300.0;4.0;air-source;True;True;True;;;True;True;
122850;house;188.0;1.0;ground-source;True;False;;True;;True;True;
122887;house;232.0;3.0;air-source;True;False;True;;;True;True;True
190821;house;160.0;4.0;air-source;;;;;True;True;False;
310610;house;160.0;2.0;air-source;True;False;True;;;True;True;
412211;house;300.0;2.0;air-source;True;False;;True;;True;True;
417510;house;180.0;4.0;air-source;True;False;True;;;True;True;True
461104;house;200.0;2.0;air-source;True;False;True;;;True;True;
461158;house;224.0;2.0;ground-source;True;False;;True;;True;True;
468980;house;130.0;2.0;air-source;False;True;;;True;False;True;
477661;house;180.0;4.0;air-source;True;False;;True;;False;True;
512280;house;250.0;4.0;ground-source;True;False;True;;;True;True;
610891;house;300.0;4.0;air-source;True;False;True;;;True;True;
611629;house;98.0;2.0;air-source;False;True;True;;;True;True;True
658466;house;142.0;2.0;ground-source;True;False;True;;;True;False;
661091;house;165.0;2.0;ground-source;True;True;;True;;False;True;
669010;house;180.0;2.0;air-source;True;False;;True;;True;True;
679810;house;130.0;2.0;ground-source;True;False;True;;;False;True;True
680861;house;450.0;4.0;air-source;;;True;;;True;True;
698983;house;200.0;3.0;air-source;False;True;;True;;True;True;
699801;house;224.0;2.0;air-source;True;False;True;;;True;True;
706817;house;180.0;3.0;air-source;True;False;True;;;True;True;True
712718;house;180.0;2.0;ground-source;True;False;True;;;True;True;
716869;house;155.0;2.0;air-source;True;False;True;;;False;True;True
721074;house;134.0;1.0;air-source;True;False;True;;;True;True;
721077;house;;3.0;ground-source;True;False;True;;True;True;True;
727690;house;160.0;2.0;ground-source;False;True;True;;;True;True;
728210;house;160.0;2.0;ground-source;False;True;True;;;True;True;
731027;house;200.0;3.0;ground-source;True;False;True;;;True;False;
747511;house;90.0;1.0;air-source;False;True;;True;;True;True;
748773;house;150.0;2.0;ground-source;True;False;;True;;True;True;
751108;house;180.0;2.0;ground-source;True;False;;True;;True;True;
757271;house;150.0;2.0;ground-source;False;True;True;;;True;True;
760117;house;170.0;2.0;air-source;True;False;True;;;True;True;
767371;house;170.0;2.0;air-source;True;False;True;;;False;True;
768113;house;190.0;2.0;air-source;False;True;True;;;False;True;True
768498;appartment;150.0;2.0;air-source;True;False;True;;;True;True;
778721;house;222.0;3.0;ground-source;True;False;True;;;True;True;
781099;house;220.0;2.0;air-source;;;True;;;True;True;
788488;house;300.0;3.0;air-source;True;False;True;;;True;True;
796869;house;175.0;2.0;air-source;True;False;True;;;False;False;
801031;appartment;125.0;2.0;air-source;True;False;True;;;True;False;
808112;house;130.0;2.0;air-source;True;False;;True;;True;True;
808410;house;150.0;2.0;air-source;True;False;;True;;True;True;
811080;house;200.0;4.0;air-source;True;False;True;;;False;True;
816571;house;120.0;3.0;air-source;True;False;True;;;True;True;
821088;house;250.0;2.0;ground-source;True;False;True;;;True;True;
823761;house;160.0;2.0;air-source;True;False;True;;;True;True;
826780;house;150.0;4.0;ground-source;False;True;True;;;False;True;True
841211;house;104.0;2.0;air-source;True;True;True;;;True;True;True
858577;house;184.0;1.0;air-source;True;False;;True;;False;False;
861116;house;200.0;2.0;air-source;True;False;;;True;True;True;
865116;house;200.0;2.0;air-source;True;False;;True;;True;True;
868122;house;200.0;1.0;air-source;;;True;;;False;True;
876790;house;220.0;3.0;air-source;True;True;;True;;False;False;
881223;house;240.0;2.0;air-source;False;True;;True;;False;True;
896968;house;210.0;2.0;air-source;True;False;True;;;False;False;True
970979;house;150.0;3.0;air-source;True;True;True;;;True;True;True
971071;house;160.0;2.0;air-source;True;False;True;;;False;True;
991118;house;220.0;2.0;ground-source;True;False;;True;;True;True;
996610;house;166.0;2.0;air-source;True;False;;True;;True;True;
1001228;house;162.0;3.0;air-source;True;False;True;;;True;True;
1015877;house;160.0;2.0;air-source;False;True;;;True;False;True;
1019970;house;175.0;4.0;ground-source;True;False;True;;;True;True;
1037311;house;200.0;3.0;ground-source;True;False;True;;;False;True;
1037610;house;232.0;4.0;ground-source;True;False;True;;;True;True;
1061168;house;185.0;3.0;ground-source;True;False;True;;;True;False;
1071058;house;220.0;4.0;air-source;True;False;True;;;True;True;
1078861;house;200.0;2.0;ground-source;False;True;True;;;True;True;
1081057;house;200.0;4.0;ground-source;True;False;True;;;True;True;
1091217;house;150.0;6.0;ground-source;True;False;True;;;True;True;
1101758;house;192.0;2.0;ground-source;True;False;True;;;True;True;
1111201;house;220.0;4.0;air-source;True;True;;True;;True;True;
1137376;house;160.0;5.0;ground-source;True;False;;True;;True;True;
1141047;house;150.0;2.0;air-source;True;False;True;;;True;True;
1148611;house;200.0;3.0;ground-source;True;False;;True;;True;True;True
1159664;house;152.0;4.0;air-source;True;False;True;;;True;True;
1171127;house;180.0;6.0;air-source;True;True;True;;;True;True;
1191021;house;400.0;4.0;air-source;True;True;True;;;True;True;
1191127;house;200.0;4.0;air-source;True;False;True;;;True;False;True
1211151;house;120.0;4.0;ground-source;True;True;True;;;True;True;True
1228011;house;120.0;3.0;air-source;True;False;;True;;True;False;
2794690;house;140.0;6.0;air-source;True;False;True;;;True;True;
4710670;house;300.0;2.0;air-source;True;True;True;;;True;False;
5831058;house;120.0;4.0;air-source;;;True;;;True;False;
5845834;house;150.0;4.0;ground-source;True;False;True;;;True;False;True
6683113;house;147.0;4.0;air-source;False;True;True;;;False;True;
6773102;house;195.0;4.0;air-source;;;True;;;True;False;
6808461;house;220.0;4.0;ground-source;True;False;True;;;True;True;
6885841;house;170.0;4.0;air-source;True;False;True;;;True;False;
6901131;house;200.0;4.0;air-source;True;False;;True;;True;True;
6981151;house;200.0;2.0;;True;True;;True;;False;True;
7048688;house;155.0;3.0;ground-source;True;False;;True;;True;True;True
7069411;house;220.0;4.0;air-source;True;False;True;;;True;True;True
7086681;house;150.0;2.0;air-source;;;True;;;True;True;
7211189;house;200.0;5.0;air-source;True;False;True;;;True;True;True
7374981;house;200.0;4.0;air-source;;;;True;;True;True;
7411491;house;165.0;4.0;air-source;True;False;True;;;True;True;
7474976;house;180.0;2.0;air-source;False;True;True;;;True;True;
7646451;house;219.0;5.0;air-source;True;False;True;;;True;True;
7679818;house;180.0;2.0;air-source;True;False;;True;;True;True;True
7710511;house;207.0;3.0;air-source;False;True;True;;;True;True;
7747482;house;190.0;2.0;ground-source;True;False;;True;;False;True;
7771161;house;150.0;3.0;air-source;False;True;True;;;True;True;True
7984107;house;120.0;2.0;air-source;True;True;True;;;True;True;True
8010411;house;150.0;2.0;air-source;;;True;;;False;True;
8087988;house;;;air-source;True;False;;True;;True;True;
8190108;house;160.0;4.0;air-source;True;False;True;;;True;True;
8280779;house;175.0;1.0;air-source;False;True;True;;;True;True;True
8773113;house;150.0;;;;;;;;;;
9073879;house;138.0;2.0;air-source;False;True;True;;;True;True;
9097838;house;150.0;5.0;ground-source;True;True;;True;;False;True;
9776611;house;160.0;3.0;air-source;True;False;True;;;True;True;
9889114;house;300.0;4.0;air-source;False;True;True;;;False;False;
9889190;house;120.0;4.0;ground-source;False;True;True;;;False;True;True
9981041;house;360.0;3.0;ground-source;True;False;True;;;False;True;
